peer_group,screened_company_count,watch_count,reject_for_now_count,low_barrier_group,max_triage_score,average_triage_score,watch_companies,top_rejected_examples,screening_rule
交运设备-汽车-汽车零部件,237,0,237,false,69.50,57.87,,603786:科博达:69.50 | 603596:DR伯特利:69.30 | 301656:联合动力:69.25 | 002920:德赛西威:69.05 | 600741:华域汽车:68.76,conservative_capability_first_peer_group_threshold
机械设备-专用设备-其他专用机械,169,4,165,false,80.55,56.59,603855:华荣股份 | 688420:美腾科技 | 300700:岱勒新材 | 300902:国安达,301083:百胜智能:73.41 | 301200:大族数控:68.26 | 002690:美亚光电:67.31 | 300217:东方电热:67.31 | 688128:中国电研:67.21,conservative_capability_first_peer_group_threshold
电子设备-电子设备制造-电子设备制造,141,3,138,false,80.23,64.33,920368:连城数控 | 300932:三友联众 | 688450:光格科技,688184:ST帕瓦:73.93 | 688008:澜起科技:73.76 | 688183:生益电子:73.59 | 002008:大族激光:73.41 | 002139:拓邦股份:73.26,conservative_capability_first_peer_group_threshold
基础化工-化学制品-其他化学制品,138,1,137,false,81.55,50.67,300019:硅宝科技,002632:道明光学:63.41 | 603683:晶华新材:61.52 | 002601:龙佰集团:60.88 | 688550:瑞联新材:60.56 | 001369:双欣材料:60.18,conservative_capability_first_peer_group_threshold
信息技术-计算机软件-行业应用软件,130,4,126,false,81.36,63.77,688100:威胜信息 | 002063:远光软件 | 002065:东华软件 | 301162:国能日新,688191:智洋创新:77.41 | 300520:科大国创:75.49 | 300454:深信服:75.01 | 301269:华大九天:72.69 | 301275:汉朔科技:72.46,conservative_capability_first_peer_group_threshold
信息技术-计算机软件-其他软件服务,124,3,121,false,80.97,63.00,300634:彩讯股份 | 301638:南网数字 | 688316:青云科技,300496:中科创达:73.73 | 600728:佳都科技:72.41 | 300532:今天国际:72.28 | 300624:万兴科技:71.98 | 600288:大恒科技:71.41,conservative_capability_first_peer_group_threshold
机械设备-通用设备-其他通用机械,122,2,120,false,76.49,56.65,300499:高澜股份 | 600520:三佳科技,300450:先导智能:70.98 | 920186:中科仪:66.46 | 603173:福斯达:66.30 | 000404:长虹华意:65.26 | 603270:金帝股份:64.80,conservative_capability_first_peer_group_threshold
医药生物-生物医药-生物医药,120,1,119,false,74.21,63.29,600196:复星医药,600211:西藏药业:74.21 | 600867:通化东宝:74.05 | 688363:华熙生物:73.52 | 688687:凯因科技:71.26 | 002399:海普瑞:70.71,conservative_capability_first_peer_group_threshold
电子设备-电子元件-电子元件,114,4,110,false,75.84,63.95,688205:德科立 | 002938:鹏鼎控股 | 603160:汇顶科技 | 920128:胜业电气,300408:三环集团:75.55 | 002916:深南电路:75.10 | 600183:生益科技:74.58 | 300476:胜宏科技:74.39 | 001389:广合科技:74.24,conservative_capability_first_peer_group_threshold
医药生物-医疗器械-医疗器械,106,1,105,false,73.46,63.31,002223:鱼跃医疗,300529:健帆生物:73.32 | 300003:乐普医疗:72.89 | 600529:山东药玻:71.80 | 688575:亚辉龙:71.80 | 688139:海尔生物:71.48,conservative_capability_first_peer_group_threshold
电子设备-半导体-集成电路,95,1,94,false,74.43,63.44,300661:圣邦股份,688484:南芯科技:72.78 | 688981:中芯国际:72.39 | 688123:聚辰股份:71.42 | 688820:盛合晶微:71.38 | 600584:长电科技:71.11,conservative_capability_first_peer_group_threshold
公用事业-环保-环保,84,1,83,false,81.73,65.01,601033:XD永兴股,000711:ST京蓝:73.52 | 603568:伟明环保:70.67 | 600292:电投水电:69.98 | 301109:军信股份:69.90 | 601827:三峰环境:69.32,conservative_capability_first_peer_group_threshold
机械设备-通用设备-仪器仪表,79,3,76,false,78.22,58.88,920509:同惠电子 | 688597:煜邦电力 | 300880:迦南智能,002857:三晖电气:70.73 | 002979:雷赛智能:68.72 | 688112:鼎阳科技:67.69 | 688768:容知日新:66.45 | 688583:思看科技:65.97,conservative_capability_first_peer_group_threshold
医药生物-化学制药-化学制剂,75,2,73,false,75.82,63.87,600276:恒瑞医药 | 002422:科伦药业,600566:济川药业:74.45 | 000915:华特达因:72.58 | 002393:力生制药:71.03 | 002940:昂利康:70.73 | 600664:哈药股份:70.66,conservative_capability_first_peer_group_threshold
房地产-房地产开发-房地产开发,74,0,74,true,80.05,40.46,,600641:先导基电:80.05 | 600007:中国国贸:49.45 | 001979:招商蛇口:48.98 | 000031:大悦城:46.52 | 600638:新黄浦:46.22,low_barrier_zero_watch_allowed
机械设备-金属制品-金属制品,70,0,70,false,67.00,56.20,,600114:东睦股份:67.00 | 002444:巨星科技:66.89 | 600558:大西洋:65.05 | 600577:XD精达股:64.56 | 603969:银龙股份:64.38,conservative_capability_first_peer_group_threshold
休闲、生活及专业服务-专业服务-其他专业服务,66,1,65,false,75.95,52.17,300215:电科院,600452:涪陵电力:66.29 | 300962:中金辐照:61.95 | 301632:广东建科:61.29 | 603300:海南华铁:60.91 | 301091:深城交:60.86,conservative_capability_first_peer_group_threshold
基础化工-化学制品-塑料制品,64,0,64,false,58.87,50.62,,002263:大东南:58.87 | 002886:沃特股份:57.98 | 301565:中仑新材:57.25 | 000973:佛塑科技:56.55 | 300717:华信新材:56.47,conservative_capability_first_peer_group_threshold
医药生物-中药生产-中药生产,63,1,62,false,77.62,65.70,002603:以岭药业,600535:天士力:74.66 | 600329:达仁堂:74.23 | 600572:康恩贝:73.71 | 600436:片仔癀:73.26 | 600351:亚宝药业:73.02,conservative_capability_first_peer_group_threshold
食品饮料-食品-食品综合,56,0,56,false,71.94,60.34,,301498:乖宝宠物:71.94 | 002847:盐津铺子:71.04 | 300973:立高食品:70.14 | 002507:涪陵榨菜:70.13 | 603043:广州酒家:70.03,conservative_capability_first_peer_group_threshold
电气设备-输变电设备-其他输变电设备,52,3,49,false,82.46,64.86,600312:平高电气 | 601179:中国西电 | 300001:特锐德,002606:大连电瓷:79.40 | 600089:特变电工:79.26 | 002452:长高电新:78.81 | 603861:白云电器:77.82 | 600525:ST长园:77.74,conservative_capability_first_peer_group_threshold
医药生物-化学制药-化学原料药,51,1,50,false,74.46,63.41,000739:普洛药业,603707:健友股份:73.82 | 300401:花园生物:71.88 | 000597:东北制药:71.81 | 300765:新诺威:70.61 | 002099:海翔药业:67.71,conservative_capability_first_peer_group_threshold
信息技术-通信设备-通信传输设备,49,3,46,false,79.36,63.73,600487:亨通光电 | 688080:映翰通 | 000063:中兴通讯,601869:长飞光纤:70.97 | 300570:太辰光:70.77 | 600498:烽火通信:70.19 | 000810:创维数字:70.08 | 300638:广和通:69.97,conservative_capability_first_peer_group_threshold
基础化工-化学原料-其他化学原料,49,0,49,false,62.30,51.59,,600989:宝丰能源:62.30 | 603650:彤程新材:62.09 | 300586:美联新材:60.05 | 002469:三维化学:59.35 | 688690:纳微科技:58.88,conservative_capability_first_peer_group_threshold
金融-非银行金融-证券,49,0,49,false,66.11,55.65,,600030:中信证券:66.11 | 600061:国投资本:65.29 | 000776:广发证券:64.89 | 600999:招商证券:63.89 | 000783:长江证券:62.66,conservative_capability_first_peer_group_threshold
电气设备-其他电气设备-其他电气设备,48,3,45,false,79.81,57.72,300341:麦克奥迪 | 003028:振邦智能 | 301609:山大电力,920037:广信科技:76.80 | 688681:科汇股份:75.82 | 301658:首航新能:63.80 | 688408:中信博:63.03 | 301590:优优绿能:62.57,conservative_capability_first_peer_group_threshold
交通运输-物流-物流,44,0,44,false,64.68,50.08,,002352:顺丰控股:64.68 | 600575:淮河能源:62.19 | 002010:传化智联:60.16 | 300350:华鹏飞:57.10 | 002468:申通快递:56.51,conservative_capability_first_peer_group_threshold
电子设备-电子器件-其他电子器件,44,1,43,false,78.27,63.80,300184:力源信息,002130:沃尔核材:74.94 | 300602:飞荣达:72.60 | 300951:博硕科技:71.51 | 002384:东山精密:70.77 | 688601:力芯微:70.42,conservative_capability_first_peer_group_threshold
轻工制造-造纸印刷-包装印刷,43,0,43,false,66.02,52.78,,002831:裕同科技:66.02 | 002014:永新股份:64.65 | 002243:力合科创:59.80 | 920121:江天科技:59.76 | 003018:金富科技:58.79,conservative_capability_first_peer_group_threshold
医药生物-医药商业-医药商业,42,1,41,false,76.52,63.97,000963:华东医药,600332:白云山:73.52 | 000028:国药一致:72.44 | 603883:老百姓:72.01 | 688222:成都先导:69.17 | 301017:漱玉平民:69.02,conservative_capability_first_peer_group_threshold
建筑-建筑施工-专业工程,42,0,42,false,50.71,40.35,,600970:中材国际:50.71 | 601611:中国核建:48.98 | 002140:东华科技:48.24 | 000090:天健集团:46.83 | 000032:深桑达Ａ:45.41,conservative_capability_first_peer_group_threshold
电子设备-消费电子设备-消费电子设备,42,1,41,false,80.85,65.05,688696:极米科技,600745:*ST闻泰:80.85 | 601138:工业富联:72.17 | 300857:协创数据:72.15 | 603296:华勤技术:71.93 | 002475:立讯精密:71.69,conservative_capability_first_peer_group_threshold
电气设备-电源设备-太阳能,42,3,39,false,78.04,67.70,300724:捷佳伟创 | 300316:晶盛机电 | 601865:福莱特,688390:固德威:76.27 | 603396:金辰股份:75.00 | 300048:合康新能:74.44 | 300274:阳光电源:73.52 | 600732:爱旭股份:73.47,conservative_capability_first_peer_group_threshold
纺织服装-服装家纺-服装,42,0,42,true,65.11,51.76,,002832:比音勒芬:65.11 | 002687:乔治白:62.09 | 002763:汇洁股份:60.93 | 600630:龙头股份:59.10 | 603608:天创时尚:58.26,low_barrier_zero_watch_allowed
机械设备-通用设备-基础件,40,0,40,false,65.57,55.97,,002026:山东威达:65.57 | 002438:江苏神通:64.91 | 601002:晋亿实业:63.64 | 600592:龙溪股份:63.00 | 300971:博亚精工:61.70,conservative_capability_first_peer_group_threshold
商贸零售-贸易-贸易,39,0,39,true,50.70,41.73,,000034:神州数码:50.70 | 600415:小商品城:50.51 | 002556:辉隆股份:50.37 | 001316:润贝航科:49.83 | 001287:中电港:48.42,low_barrier_zero_watch_allowed
轻工制造-家具-家具制造,39,0,39,false,65.30,52.41,,603833:欧派家居:65.30 | 603816:顾家家居:64.37 | 002572:索菲亚:63.90 | 002489:浙江永强:62.46 | 603600:永艺股份:62.35,conservative_capability_first_peer_group_threshold
信息技术-通信设备-通信终端设备,38,1,37,false,76.00,64.06,300183:东软载波,300628:亿联网络:74.79 | 002583:海能达:71.37 | 603341:龙旗科技:71.08 | 603118:共进股份:70.96 | 002017:东信和平:70.07,conservative_capability_first_peer_group_threshold
电子设备-光电子器件-光学元件,38,0,38,false,74.78,62.77,,300394:天孚通信:74.78 | 688401:路维光电:70.40 | 002387:维信诺:69.84 | 688299:长阳科技:66.96 | 300701:森霸传感:66.94,conservative_capability_first_peer_group_threshold
信息技术-计算机硬件-专用计算机设备,35,1,34,false,74.77,63.69,603019:中科曙光,688208:道通科技:74.77 | 300130:新国都:73.27 | 002152:广电运通:73.04 | 300743:天地数码:69.70 | 301589:诺瓦星云:67.81,conservative_capability_first_peer_group_threshold
电气设备-输变电设备-电线电缆,35,3,32,false,81.27,63.18,002276:万马股份 | 600973:宝胜股份 | 002879:长缆科技,920682:球冠电缆:76.96 | 603618:杭电股份:75.94 | 002300:太阳电缆:75.27 | 300933:中辰股份:74.22 | 920018:宏远股份:74.16,conservative_capability_first_peer_group_threshold
互联网-互联网服务-其他互联网服务,34,0,34,false,74.10,62.99,,300113:顺网科技:74.10 | 000681:视觉中国:70.28 | 300674:宇信科技:68.41 | 002987:京北方:67.60 | 300288:朗玛信息:66.86,conservative_capability_first_peer_group_threshold
商贸零售-零售-百货,34,0,34,true,51.43,40.15,,600729:重庆百货:51.43 | 002419:天虹股份:50.53 | 000417:合百集团:48.40 | 000501:武商集团:48.02 | 301078:孩子王:44.17,low_barrier_zero_watch_allowed
基础化工-化肥农药-农药,34,0,34,false,61.63,51.68,,301035:润丰股份:61.63 | 002734:利民股份:59.07 | 603599:广信股份:58.42 | 600731:湖南海利:57.48 | 002004:华邦健康:57.46,conservative_capability_first_peer_group_threshold
电气设备-电源设备-储能设备,34,3,31,false,79.77,67.77,002335:科华数据 | 300376:易事特 | 002364:中恒电气,300693:盛弘股份:76.24 | 002518:科士达:76.06 | 601311:骆驼股份:75.18 | 001283:豪鹏科技:75.12 | 000049:德赛电池:75.07,conservative_capability_first_peer_group_threshold
电子设备-半导体-半导体材料,33,1,32,false,76.76,63.57,300706:阿石创,688584:上海合晶:69.55 | 688432:有研硅:69.44 | 002119:康强电子:69.14 | 688233:神工股份:68.54 | 300054:鼎龙股份:67.29,conservative_capability_first_peer_group_threshold
电子设备-电子器件-显示器件,33,3,30,false,75.55,65.13,300120:经纬辉开 | 000050:深天马Ａ | 300545:联得装备,600707:彩虹股份:73.83 | 600552:凯盛科技:72.78 | 300088:长信科技:72.51 | 300076:*ST宁视:72.20 | 000045:深纺织Ａ:69.58,conservative_capability_first_peer_group_threshold
信息技术-通信设备-通信配套服务,32,2,30,false,79.45,63.11,002929:润建股份 | 603236:移远通信,002316:亚联发展:69.30 | 688027:国盾量子:68.65 | 002148:北纬科技:67.57 | 002544:普天科技:66.03 | 301179:泽宇智能:65.45,conservative_capability_first_peer_group_threshold
国防与装备-航空航天装备-航空装备,32,0,32,false,62.80,52.72,,920006:晟楠科技:62.80 | 302132:中航成飞:61.79 | 688510:航亚科技:59.96 | 002389:航天彩虹:58.88 | 688237:超卓航科:56.34,conservative_capability_first_peer_group_threshold
机械设备-专用设备-环保设备,32,1,31,false,79.37,56.48,301018:申菱环境,688376:美埃科技:64.54 | 688309:恒誉环保:60.69 | 920802:保丽洁:60.64 | 000551:创元科技:60.26 | 300912:凯龙高科:59.70,conservative_capability_first_peer_group_threshold
公用事业-燃气-燃气,30,0,30,false,68.79,63.73,,600803:新奥股份:68.79 | 601139:深圳燃气:68.69 | 002911:佛燃能源:68.17 | 300435:中泰股份:67.66 | 600956:新天绿能:67.39,conservative_capability_first_peer_group_threshold
公用事业-电力-火电,30,1,29,false,79.29,64.31,001286:陕西能源,600011:华能国际:69.53 | 000027:深圳能源:68.93 | 000600:建投能源:67.57 | 600023:浙能电力:67.43 | 600021:上海电力:67.18,conservative_capability_first_peer_group_threshold
电气设备-输变电设备-电气自控设备,30,3,27,false,81.34,62.37,600406:国电南瑞 | 000682:东方电子 | 600268:国电南自,300444:双杰电气:76.39 | 300490:华自科技:74.65 | 300484:蓝海华腾:74.56 | 002350:北京科锐:74.28 | 002184:海得控制:74.07,conservative_capability_first_peer_group_threshold
化石能源-煤炭-煤炭开采洗选,27,0,27,false,63.26,48.52,,601088:中国神华:63.26 | 601225:陕西煤业:53.62 | 601898:中煤能源:53.41 | 600348:华阳股份:52.90 | 600188:兖矿能源:52.51,conservative_capability_first_peer_group_threshold
建筑-装修装饰-装修装饰,27,0,27,true,50.77,40.67,,603725:天安新材:50.77 | 002375:亚厦股份:50.61 | 002247:聚力文化:48.54 | 301365:矩阵股份:48.00 | 002830:名雕股份:47.06,low_barrier_zero_watch_allowed
文化传媒-平面媒体-平面媒体,27,0,27,false,60.94,51.43,,601900:南方传媒:60.94 | 601921:浙版传媒:60.91 | 601928:凤凰传媒:58.20 | 300148:天舟文化:58.05 | 000719:中原传媒:56.75,conservative_capability_first_peer_group_threshold
文化传媒-营销服务-营销服务,27,0,27,false,63.43,51.93,,600986:浙文互联:63.43 | 301171:易点天下:60.88 | 002131:利欧股份:60.55 | 002878:元隆雅图:60.34 | 003010:若羽臣:60.12,conservative_capability_first_peer_group_threshold
金融-银行-股份制与城商行,27,0,27,false,60.42,54.19,,002966:苏州银行:60.42 | 601997:贵阳银行:59.45 | 601187:厦门银行:58.70 | 600928:西安银行:58.46 | 600000:浦发银行:56.58,conservative_capability_first_peer_group_threshold
机械设备-专用设备-矿山冶金机械,26,0,26,false,66.69,56.89,,601717:中创智领:66.69 | 002698:博实股份:65.61 | 603012:创力集团:62.85 | 600980:北矿科技:62.20 | 000852:石化机械:61.21,conservative_capability_first_peer_group_threshold
电气设备-电机-电机,26,2,24,false,78.22,57.17,000922:佳电股份 | 603988:中电电机,002249:大洋电机:66.63 | 603489:八方股份:64.23 | 600580:卧龙电驱:58.48 | 300660:江苏雷利:58.05 | 002823:凯中精密:57.62,conservative_capability_first_peer_group_threshold
轻工制造-造纸印刷-造纸,26,0,26,false,64.89,53.35,,002078:太阳纸业:64.89 | 603733:仙鹤股份:62.58 | 002521:齐峰新材:62.16 | 603284:林平发展:60.30 | 600308:华泰股份:59.56,conservative_capability_first_peer_group_threshold
公用事业-水务-水务,25,0,25,false,69.35,63.93,,600461:洪城环境:69.35 | 000544:中原环保:68.87 | 000598:兴蓉环境:68.56 | 600874:创业环保:67.05 | 600008:首创环保:66.87,conservative_capability_first_peer_group_threshold
农林牧渔-畜牧业-饲料,25,0,25,false,64.35,54.08,,002311:海大集团:64.35 | 600873:梅花生物:64.32 | 920275:驱动力:64.20 | 300673:佩蒂股份:61.46 | 301156:美农生物:60.68,conservative_capability_first_peer_group_threshold
家电-小家电-小家电,25,0,25,false,63.47,53.31,,603355:莱克电气:63.47 | 002959:小熊电器:61.91 | 002614:奥佳华:58.40 | 002508:老板电器:56.67 | 002032:苏 泊 尔:56.54,conservative_capability_first_peer_group_threshold
有色金属-金属非金属新材料-电池材料,25,3,22,false,83.61,67.06,688778:厦钨新能 | 300409:道氏技术 | 301238:瑞泰新材,688503:聚和材料:74.06 | 301487:盟固利:71.86 | 688388:嘉元科技:71.48 | 300390:天华新能:71.39 | 002125:湘潭电化:71.00,conservative_capability_first_peer_group_threshold
电子设备-光电子器件-LED,25,2,23,false,81.59,65.86,600703:三安光电 | 300219:鸿利智汇,300389:艾比森:73.77 | 300232:洲明科技:72.05 | 603303:得邦照明:71.88 | 300241:瑞丰光电:71.12 | 300162:雷曼光电:67.54,conservative_capability_first_peer_group_threshold
医药生物-医疗服务-医疗服务,24,0,24,false,72.99,63.34,,688315:诺禾致源:72.99 | 603882:金域医学:72.27 | 600327:大东方:69.43 | 002219:新里程:68.14 | 300015:爱尔眼科:68.14,conservative_capability_first_peer_group_threshold
有色金属-基本金属-铝,24,0,24,false,62.81,51.55,,603876:鼎胜新材:62.81 | 300337:银邦股份:59.61 | 603271:永杰新材:58.01 | 600361:创新新材:56.88 | 002532:天山铝业:56.05,conservative_capability_first_peer_group_threshold
有色金属-金属非金属新材料-非金属新材料,24,0,24,false,61.32,52.27,,688733:壹石通:61.32 | 920971:天马新材:60.42 | 301526:国际复材:59.34 | 600516:方大炭素:58.44 | 001359:平安电工:57.21,conservative_capability_first_peer_group_threshold
基础化工-化学新材料-化学新材料,23,1,22,false,76.77,51.75,601208:东材科技,605589:圣泉集团:60.63 | 300109:新开源:57.70 | 003022:联泓新科:55.99 | 301216:万凯新材:55.47 | 603285:键邦股份:53.66,conservative_capability_first_peer_group_threshold
纺织服装-纺织-其他纺织,23,0,23,true,63.37,52.88,,603238:诺邦股份:63.37 | 002516:旷达科技:62.59 | 001390:古麒绒材:61.21 | 002144:宏达高科:57.36 | 300577:开润股份:56.40,low_barrier_zero_watch_allowed
钢铁-钢铁-普钢,23,0,23,false,63.25,51.32,,600019:宝钢股份:63.25 | 000709:河钢股份:60.06 | 600010:包钢股份:57.46 | 000778:新兴铸管:57.03 | 000898:鞍钢股份:55.73,conservative_capability_first_peer_group_threshold
农林牧渔-农业-农产品加工,22,0,22,false,64.02,52.69,,300138:晨光生物:64.02 | 002772:众兴菌业:62.79 | 920273:一致魔芋:59.85 | 920826:盖世食品:58.51 | 600866:星湖科技:58.41,conservative_capability_first_peer_group_threshold
基础化工-化学制品-日用化学品,21,0,21,false,59.97,50.65,,600315:上海家化:59.97 | 001328:登康口腔:57.70 | 301300:远翔新材:55.05 | 300910:瑞丰新材:54.74 | 300957:贝泰妮:54.35,conservative_capability_first_peer_group_threshold
机械设备-专用设备-工程机械,21,0,21,false,64.23,56.72,,301161:唯万密封:64.23 | 003021:兆威机电:63.14 | 000680:山推股份:62.76 | 603611:诺力股份:61.81 | 600031:三一重工:60.50,conservative_capability_first_peer_group_threshold
交通运输-公路铁路-高速公路,20,0,20,false,68.47,63.83,,001965:招商公路:68.47 | 000429:粤高速Ａ:67.09 | 600350:山东高速:66.76 | 600012:皖通高速:66.69 | 600377:宁沪高速:66.31,conservative_capability_first_peer_group_threshold
基础化工-橡胶制品-其他橡胶制品,20,1,19,false,76.90,52.02,920225:利通科技,300121:阳谷华泰:59.13 | 001325:元创股份:58.09 | 920188:悦龙科技:56.25 | 603657:春光科技:54.84 | 300320:海达股份:52.67,conservative_capability_first_peer_group_threshold
电子设备-半导体-半导体分立器件,20,0,20,false,72.05,62.88,,300831:派瑞股份:72.05 | 603290:斯达半导:66.68 | 300373:扬杰科技:66.02 | 688809:强一股份:65.49 | 300623:捷捷微电:65.47,conservative_capability_first_peer_group_threshold
交通运输-港口航运-航运,19,0,19,false,68.30,63.48,,600428:中远海特:68.30 | 601872:招商轮船:67.89 | 601919:中远海控:67.83 | 600026:中远海能:67.54 | 601975:招商南油:66.23,conservative_capability_first_peer_group_threshold
公用事业-电力-新能源发电,19,0,19,false,68.55,63.82,,601985:中国核电:68.55 | 001289:龙源电力:68.08 | 600930:华电新能:68.01 | 600905:三峡能源:66.59 | 000537:绿发电力:66.58,conservative_capability_first_peer_group_threshold
公用事业-电力-水电,19,0,19,false,70.36,63.45,,600900:长江电力:70.36 | 600025:华能水电:68.56 | 600236:桂冠电力:67.47 | 600995:南网储能:66.94 | 600886:国投电力:66.89,conservative_capability_first_peer_group_threshold
建材-其他建材-其他建材,19,0,19,false,63.36,49.99,,000786:北新建材:63.36 | 000055:方大集团:54.94 | 001212:中旗新材:53.19 | 002398:垒知集团:52.84 | 002043:兔 宝 宝:52.67,conservative_capability_first_peer_group_threshold
文化传媒-影视动漫-影视,19,0,19,false,56.01,50.11,,603103:横店影视:56.01 | 300251:光线传媒:55.76 | 001330:博纳影业:55.42 | 002905:金逸影视:55.19 | 300133:华策影视:54.52,conservative_capability_first_peer_group_threshold
机械设备-通用设备-机床设备,19,0,19,false,65.29,56.67,,300503:昊志机电:65.29 | 000837:秦川机床:64.94 | 300809:华辰装备:64.00 | 688558:国盛智科:63.69 | 000410:沈阳机床:61.27,conservative_capability_first_peer_group_threshold
互联网-互联网服务-游戏娱乐,18,0,18,false,67.33,62.28,,603444:吉比特:67.33 | 002558:巨人网络:66.40 | 002602:世纪华通:65.64 | 002624:完美世界:65.57 | 002517:恺英网络:65.52,conservative_capability_first_peer_group_threshold
家电-白色家电-白色家电,18,0,18,false,62.14,53.48,,002668:TCL智家:62.14 | 600619:海立股份:60.17 | 600336:澳柯玛:57.83 | 000333:美的集团:57.62 | 000651:格力电器:57.09,conservative_capability_first_peer_group_threshold
有色金属-金属非金属新材料-其他金属新材料,18,1,17,false,78.97,53.42,920751:惠同新材,300930:屹通新材:65.59 | 603124:江南新材:63.18 | 002182:宝武镁业:57.46 | 688122:西部超导:54.36 | 603978:深圳新星:53.65,conservative_capability_first_peer_group_threshold
金融-非银行金融-其他非银行金融,18,0,18,false,64.70,56.41,,000617:中油资本:64.70 | 000415:渤海租赁:63.59 | 600901:江苏金租:62.90 | 002961:瑞达期货:61.52 | 600390:五矿资本:60.85,conservative_capability_first_peer_group_threshold
交通运输-港口航运-港口,17,0,17,false,69.53,63.84,,001872:招商港口:69.53 | 601018:宁波港:68.77 | 600018:上港集团:68.49 | 601298:青岛港:68.13 | 601326:秦港股份:66.22,conservative_capability_first_peer_group_threshold
休闲、生活及专业服务-休闲服务-旅游服务,17,0,17,true,58.76,48.94,,600576:祥源文旅:58.76 | 300859:西域旅游:57.28 | 603099:长白山:54.14 | 600138:中青旅:52.47 | 002707:众信旅游:51.63,low_barrier_zero_watch_allowed
农林牧渔-畜牧业-养殖,17,0,17,false,61.46,52.18,,603477:巨星农牧:61.46 | 000048:京基智农:60.58 | 300498:温氏股份:57.75 | 300967:晓鸣股份:53.91 | 002458:益生股份:53.73,conservative_capability_first_peer_group_threshold
建材-水泥-水泥,17,0,17,false,61.78,49.47,,600801:华新建材:61.78 | 600668:尖峰集团:58.46 | 600585:海螺水泥:57.80 | 600449:宁夏建材:55.22 | 000672:上峰水泥:52.89,conservative_capability_first_peer_group_threshold
有色金属-稀有金属-其他稀有小金属,17,2,15,false,81.74,62.65,001257:盛龙股份 | 600459:贵研铂业,002978:安宁股份:80.64 | 002716:湖南白银:80.47 | 000962:东方钽业:79.48 | 000629:钒钛股份:78.14 | 688750:金天钛业:76.96,conservative_capability_first_peer_group_threshold
食品饮料-食品-调味品,17,0,17,false,68.73,59.84,,605077:华康股份:68.73 | 600186:莲花控股:68.43 | 603288:海天味业:64.81 | 301206:三元生物:63.55 | 603317:XD天味食:62.40,conservative_capability_first_peer_group_threshold
交运设备-其他交运设备-其他交运设备,16,1,15,false,74.32,56.96,301322:绿通科技,000039:中集集团:61.57 | 689009:九号公司:59.51 | 603129:春风动力:58.69 | 301345:涛涛车业:58.03 | 603529:爱玛科技:57.88,conservative_capability_first_peer_group_threshold
国防与装备-地面装备-地面装备,16,1,15,false,72.32,53.91,300875:捷强装备,301592:六九一二:58.53 | 600967:内蒙一机:55.68 | 688522:纳睿雷达:55.06 | 600184:光电股份:54.03 | 600435:北方导航:53.99,conservative_capability_first_peer_group_threshold
国防与装备-航空航天装备-航天装备,16,0,16,false,59.92,52.13,,300101:振芯科技:59.92 | 002625:光启技术:55.68 | 688563:航材股份:54.71 | 600879:航天电子:54.03 | 600118:中国卫星:53.28,conservative_capability_first_peer_group_threshold
机械设备-通用设备-制冷空调设备,16,0,16,false,71.82,57.51,,600202:哈空调:71.82 | 002011:盾安环境:66.37 | 002158:汉钟精机:65.69 | 002639:雪人集团:60.71 | 000811:冰轮环境:58.01,conservative_capability_first_peer_group_threshold
轻工制造-其他轻工-其他轻工,16,0,16,false,64.51,53.61,,605099:共创草坪:64.51 | 301101:明月镜片:60.60 | 603091:众鑫股份:59.48 | 605009:豪悦护理:58.43 | 600439:瑞贝卡:56.88,conservative_capability_first_peer_group_threshold
食品饮料-食品-乳制品,16,0,16,false,67.18,59.40,,002732:燕塘乳业:67.18 | 600887:伊利股份:62.76 | 605388:均瑶健康:62.05 | 002946:新乳业:61.84 | 600882:妙可蓝多:60.63,conservative_capability_first_peer_group_threshold
基础化工-化学制品-印染化学品,15,0,15,true,53.80,48.89,,002440:闰土股份:53.80 | 600352:浙江龙盛:52.39 | 002054:德美化工:51.73 | 300758:七彩化学:51.49 | 603790:雅运股份:50.10,low_barrier_zero_watch_allowed
基础化工-化学制品-涂料涂漆,15,0,15,false,62.05,51.21,,301683:慧谷新材:62.05 | 002256:兆新股份:59.58 | 603737:三棵树:54.96 | 603826:坤彩科技:54.06 | 603823:百合花:53.65,conservative_capability_first_peer_group_threshold
有色金属-金属非金属新材料-磁性材料,15,0,15,false,57.20,50.43,,600366:宁波韵升:57.20 | 300748:金力永磁:54.44 | 000970:中科三环:54.02 | 688077:大地熊:53.99 | 300811:铂科新材:53.07,conservative_capability_first_peer_group_threshold
互联网-互联网商务-电子商务B2B,14,0,14,false,68.94,62.56,,301110:青木科技:68.94 | 300464:星徽股份:67.62 | 301381:赛维时代:65.86 | 603613:国联股份:65.25 | 300592:华凯易佰:64.72,conservative_capability_first_peer_group_threshold
休闲、生活及专业服务-专业服务-调查与咨询服务,14,0,14,false,60.93,51.75,,300284:苏交科:60.93 | 300416:苏试试验:57.77 | 300492:华图山鼎:55.15 | 603018:华设集团:54.76 | 000779:甘咨询:53.45,conservative_capability_first_peer_group_threshold
化石能源-石油天然气-石油加工,14,0,14,false,57.79,52.08,,000698:ST沈化:57.79 | 603798:康普顿:56.40 | 002377:国创高新:55.60 | 600506:统一股份:55.49 | 600028:中国石化:55.14,conservative_capability_first_peer_group_threshold
有色金属-基本金属-铜,14,0,14,false,65.81,52.23,,000737:北方铜业:65.81 | 002171:楚江新材:61.03 | 300697:电工合金:55.68 | 600490:鹏欣资源:54.40 | 600255:鑫科材料:54.31,conservative_capability_first_peer_group_threshold
交运设备-轨道交通设备-轨道交通设备,13,0,13,false,66.09,55.32,,688009:中国通号:66.09 | 600528:中铁工业:62.54 | 688187:时代电气:61.03 | 688425:铁建重工:58.47 | 603111:康尼机电:56.53,conservative_capability_first_peer_group_threshold
交运设备-铁路设备-铁路专用设备及器材,13,0,13,false,66.84,64.16,,301048:金鹰重工:66.84 | 688569:铁科轨道:66.80 | 300351:永贵电器:66.71 | 603500:祥和实业:65.95 | 002972:科安达:65.26,conservative_capability_first_peer_group_threshold
有色金属-基本金属-铅锌,13,1,12,false,73.52,56.69,002114:罗平锌电,000060:中金岭南:68.08 | 600338:西藏珠峰:65.61 | 603132:金徽股份:65.59 | 600961:株冶集团:58.95 | 600531:豫光金铅:58.91,conservative_capability_first_peer_group_threshold
机械设备-机器人-工业机器人,13,0,13,false,67.42,58.15,,002747:埃斯顿:67.42 | 300607:拓斯达:65.80 | 603666:亿嘉和:64.13 | 300124:汇川技术:62.76 | 002527:新时达:57.71,conservative_capability_first_peer_group_threshold
轻工制造-珠宝首饰-珠宝首饰,13,0,13,false,62.53,48.99,,600612:老凤祥:62.53 | 002345:潮宏基:62.37 | 002574:明牌珠宝:56.35 | 002721:金一文化:51.62 | 000017:深中华A:51.36,conservative_capability_first_peer_group_threshold
信息技术-计算机硬件-PC、服务器及硬件,12,0,12,false,74.97,66.27,,002236:大华股份:74.97 | 000977:浪潮信息:72.37 | 000066:中国长城:69.73 | 002415:海康威视:68.14 | 920190:雷神科技:67.26,conservative_capability_first_peer_group_threshold
公用事业-电力-其他发电,12,1,11,false,78.92,64.85,688248:南网科技,003816:中国广核:69.68 | 600578:京能电力:66.27 | 000958:电投产融:66.11 | 002608:江苏国信:65.86 | 600167:联美控股:64.06,conservative_capability_first_peer_group_threshold
化石能源-石油天然气-油田服务,12,0,12,false,53.15,49.11,,600583:海油工程:53.15 | 601808:中海油服:52.74 | 002828:贝肯能源:52.44 | 002353:杰瑞股份:52.38 | 603619:中曼石油:51.08,conservative_capability_first_peer_group_threshold
基础化工-合成纤维及树脂-其他纤维,12,0,12,false,55.60,50.14,,300993:玉马科技:55.60 | 300699:光威复材:54.12 | 603406:天富龙:52.93 | 600527:江南高纤:52.42 | 601112:振石股份:51.91,conservative_capability_first_peer_group_threshold
基础化工-橡胶制品-轮胎,12,0,12,false,61.99,52.11,,603049:中策橡胶:61.99 | 601966:玲珑轮胎:59.76 | 002984:森麒麟:56.45 | 001233:海安集团:55.42 | 601058:赛轮轮胎:54.49,conservative_capability_first_peer_group_threshold
建筑-基础建设-路桥建设,12,0,12,false,70.27,44.92,,603843:*ST正平:70.27 | 600820:隧道股份:51.90 | 000498:山东路桥:51.47 | 601800:中国交建:50.43 | 002061:浙江交科:47.66,conservative_capability_first_peer_group_threshold
房地产-房地产服务-房地产服务,12,0,12,true,80.11,43.30,,300917:特发服务:80.11 | 001914:招商积余:50.20 | 600622:光大嘉宝:42.64 | 000560:我爱我家:41.13 | 002968:新大正:40.84,low_barrier_zero_watch_allowed
电气设备-电源设备-其他电源设备,12,2,10,false,78.64,66.92,688411:海博思创 | 002534:西子洁能,688551:科威尔:72.39 | 300713:英可瑞:68.02 | 002922:伊戈尔:65.86 | 000576:甘化科工:64.74 | 300153:科泰电源:64.41,conservative_capability_first_peer_group_threshold
电气设备-输变电设备-电气仪表,12,2,10,false,80.63,64.57,300360:炬华科技 | 002546:新联电子,601222:林洋能源:76.57 | 920299:灿能电力:74.62 | 300466:赛摩智能:71.55 | 601567:三星电气:64.18 | 300286:安科瑞:58.38,conservative_capability_first_peer_group_threshold
钢铁-钢铁-特钢,12,1,11,false,73.45,52.89,002443:金洲管道,002075:沙钢股份:57.65 | 603995:甬金股份:57.59 | 000708:中信特钢:54.94 | 300881:盛德鑫泰:54.00 | 002318:久立特材:52.40,conservative_capability_first_peer_group_threshold
基础化工-化学制品-民爆用品,11,0,11,false,57.60,50.37,,002917:金奥博:57.60 | 002783:凯龙股份:55.29 | 002096:易普力:52.97 | 002226:江南化工:52.48 | 002683:广东宏大:51.66,conservative_capability_first_peer_group_threshold
基础化工-化学原料-氯碱,11,0,11,false,61.93,49.62,,601216:君正集团:61.93 | 000422:湖北宜化:53.91 | 600618:氯碱化工:51.77 | 002092:中泰化学:51.25 | 600075:新疆天业:50.49,conservative_capability_first_peer_group_threshold
家电-照明设备-照明设备,11,0,11,false,64.45,58.56,,000541:佛山照明:64.45 | 301362:民爆光电:64.25 | 002724:海洋王:63.95 | 300833:浩洋股份:63.88 | 600261:阳光照明:62.80,conservative_capability_first_peer_group_threshold
文化传媒-广播电视-有线电视,11,0,11,false,65.24,60.49,,600959:江苏有线:65.24 | 000156:华数传媒:65.13 | 600637:东方明珠:64.73 | 002238:天威视讯:63.54 | 600037:歌华有线:62.40,conservative_capability_first_peer_group_threshold
文化传媒-教育-教育信息化服务,11,0,11,false,57.89,49.66,,600636:*ST国化:57.89 | 601811:新华文轩:54.16 | 300192:科德教育:52.39 | 600455:博通股份:51.90 | 600880:博瑞传播:51.38,conservative_capability_first_peer_group_threshold
轻工制造-文娱用品-娱乐用品,11,0,11,false,56.99,52.48,,002678:珠江钢琴:56.99 | 605080:浙江自然:56.78 | 001222:源飞宠物:56.12 | 301011:华立科技:53.94 | 301335:天元宠物:53.16,conservative_capability_first_peer_group_threshold
食品饮料-饮料-软饮料,11,0,11,false,71.17,60.33,,605499:东鹏饮料:71.17 | 600300:维维股份:68.10 | 603156:养元饮品:65.56 | 600189:泉阳泉:62.34 | 000848:承德露露:61.15,conservative_capability_first_peer_group_threshold
交运设备-汽车-乘用车,10,0,10,false,70.04,58.46,,601633:长城汽车:70.04 | 000868:安凯客车:60.31 | 601127:赛力斯:60.15 | 600104:上汽集团:59.59 | 000572:海马汽车:59.58,conservative_capability_first_peer_group_threshold
交运设备-汽车-商用车,10,0,10,false,65.21,59.21,,600686:金龙汽车:65.21 | 000550:江铃汽车:64.71 | 000957:中通客车:63.39 | 600066:宇通客车:62.49 | 600166:福田汽车:59.34,conservative_capability_first_peer_group_threshold
交通运输-航空机场-航空,10,0,10,false,68.52,64.67,,600029:南方航空:68.52 | 601111:中国国航:66.46 | 601156:东航物流:66.39 | 601021:春秋航空:65.36 | 001391:国货航:65.02,conservative_capability_first_peer_group_threshold
休闲、生活及专业服务-休闲服务-景区,10,0,10,false,62.32,48.24,,600054:黄山旅游:62.32 | 300144:宋城演艺:54.13 | 002033:丽江股份:49.96 | 600593:大连圣亚:48.16 | 000888:峨眉山Ａ:48.00,conservative_capability_first_peer_group_threshold
公用事业-电力-热电,10,1,9,false,76.34,64.78,605162:新中港,600226:亨通股份:67.84 | 605011:杭州热电:65.94 | 001210:金房能源:65.66 | 001376:百通能源:64.73 | 605580:恒盛能源:63.94,conservative_capability_first_peer_group_threshold
农林牧渔-农业-种子,10,0,10,false,60.72,52.29,,600354:敦煌种业:60.72 | 000998:隆平高科:56.53 | 600371:万向德农:55.26 | 920403:康农种业:54.16 | 002041:登海种业:53.55,conservative_capability_first_peer_group_threshold
基础化工-化肥农药-复合肥,10,0,10,false,57.62,50.56,,002539:云图控股:57.62 | 002470:金正大:54.92 | 000902:新洋丰:54.05 | 002588:史丹利:53.97 | 002170:芭田股份:51.19,conservative_capability_first_peer_group_threshold
基础化工-合成纤维及树脂-合成树脂,10,0,10,false,57.09,50.47,,301555:惠柏新材:57.09 | 002802:洪汇新材:56.16 | 603382:海阳科技:52.07 | 301092:争光股份:51.69 | 301630:同宇新材:50.84,conservative_capability_first_peer_group_threshold
基础化工-合成纤维及树脂-涤纶,10,0,10,false,59.83,51.50,,002206:海 利 得:59.83 | 002493:荣盛石化:59.08 | 002427:尤夫股份:55.21 | 603225:新凤鸣:50.14 | 601233:桐昆股份:49.88,conservative_capability_first_peer_group_threshold
建材-玻璃-玻璃,10,0,10,false,59.94,51.49,,000012:南  玻Ａ:59.94 | 002613:北玻股份:57.43 | 601636:旗滨集团:55.26 | 600876:凯盛新能:53.94 | 600819:耀皮玻璃:53.74,conservative_capability_first_peer_group_threshold
有色金属-贵金属-黄金,10,1,9,false,79.00,53.42,002237:恒邦股份,002155:湖南黄金:67.89 | 000975:山金国际:51.45 | 600988:赤峰黄金:50.91 | 000603:盛达资源:49.22 | 001337:四川黄金:48.48,conservative_capability_first_peer_group_threshold
机械设备-专用设备-农用机械,10,0,10,false,59.35,54.90,,601038:一拖股份:59.35 | 301260:格力博:58.50 | 301533:威马农机:56.98 | 300159:*ST新研:56.24 | 002931:锋龙股份:55.90,conservative_capability_first_peer_group_threshold
机械设备-专用设备-楼宇设备,10,0,10,false,65.73,58.21,,002367:康力电梯:65.73 | 002689:ST远智:62.98 | 603321:梅轮电梯:60.48 | 300931:通用电梯:58.85 | 002960:青鸟智控:58.69,conservative_capability_first_peer_group_threshold
电气设备-电源设备-风能,10,1,9,false,72.25,66.71,688660:电气风电,300129:泰胜风能:72.23 | 002202:金风科技:68.40 | 688349:三一重能:67.71 | 300443:金雷股份:65.85 | 002053:云南能投:65.35,conservative_capability_first_peer_group_threshold
食品饮料-食品-肉制品,10,0,10,false,66.25,59.90,,002330:得利斯:66.25 | 002515:金字火腿:64.92 | 000895:双汇发展:63.32 | 002695:煌上煌:59.21 | 605567:春雪食品:59.12,conservative_capability_first_peer_group_threshold
互联网-互联网技术-云服务(含IDC、CDN),9,0,9,false,73.53,64.88,,300017:网宿科技:73.53 | 600588:用友网络:72.56 | 603887:城地香江:69.95 | 300052:中青宝:65.56 | 300383:光环新网:63.36,conservative_capability_first_peer_group_threshold
互联网-互联网服务-综合互联网服务,9,0,9,false,64.92,62.65,,600850:电科数字:64.92 | 002264:新 华 都:64.88 | 688787:海天瑞声:64.50 | 300895:铜牛信息:63.70 | 300645:正元智慧:63.53,conservative_capability_first_peer_group_threshold
信息技术-通信运营-通信运营,9,0,9,false,72.69,63.37,,600941:中国移动:72.69 | 601728:中国电信:71.58 | 300578:会畅科技:63.50 | 002467:二六三:62.55 | 600131:国网信通:61.98,conservative_capability_first_peer_group_threshold
农林牧渔-畜牧业-动物用药,9,0,9,false,60.92,52.65,,920729:永顺生物:60.92 | 688526:科前生物:55.09 | 300871:回盛生物:54.59 | 603566:普莱柯:54.30 | 600195:中牧股份:54.01,conservative_capability_first_peer_group_threshold
基础化工-化学原料-聚氨酯,9,0,9,false,60.27,51.91,,603192:汇得科技:60.27 | 600230:沧州大化:56.28 | 603026:石大胜华:54.16 | 600309:万华化学:53.21 | 601678:滨化股份:51.97,conservative_capability_first_peer_group_threshold
家电-其他家电-其他家电,9,0,9,false,57.90,52.28,,300824:北鼎股份:57.90 | 605117:德业股份:57.11 | 688475:萤石网络:56.45 | 603075:热威股份:54.46 | 603551:奥普科技:53.58,conservative_capability_first_peer_group_threshold
建材-耐火材料-耐火材料,9,0,9,false,64.67,50.14,,920792:东和新材:64.67 | 002392:北京利尔:51.16 | 002225:濮耐股份:50.87 | 920191:瑞尔竞达:49.04 | 920076:国亮新材:48.55,conservative_capability_first_peer_group_threshold
建筑-建筑施工-园林工程,9,0,9,false,47.54,40.22,,002663:普邦股份:47.54 | 002887:绿茵生态:42.67 | 301098:金埔园林:41.36 | 002431:ST棕榈:40.78 | 002200:*ST交投:39.87,conservative_capability_first_peer_group_threshold
机械设备-专用设备-纺织服装机械,9,0,9,true,63.02,56.86,,603337:杰克科技:63.02 | 600843:上工申贝:61.97 | 600545:卓郎智能:61.24 | 600302:ST标准:55.73 | 300307:慈星股份:55.69,low_barrier_zero_watch_allowed
化石能源-石油天然气-石油天然气开采,8,0,8,false,59.10,49.44,,600938:中国海油:59.10 | 601857:中国石油:52.76 | 600777:*ST新潮:50.25 | 600968:海油发展:48.73 | 000968:蓝焰控股:47.96,conservative_capability_first_peer_group_threshold
商贸零售-商业物业经营-专业市场,8,0,8,true,50.08,42.30,,000061:农 产 品:50.08 | 000058:深 赛 格:49.86 | 601828:美凯龙:45.44 | 002818:富森美:42.40 | 600113:浙江东日:39.02,low_barrier_zero_watch_allowed
商贸零售-零售-连锁,8,0,8,true,47.27,40.32,,300622:博士眼镜:47.27 | 300972:万辰集团:43.54 | 000829:天音控股:40.80 | 002024:ST易购:40.08 | 002697:红旗连锁:39.94,low_barrier_zero_watch_allowed
国防与装备-船舶与海洋装备-船舶制造,8,0,8,false,59.83,52.46,,601890:亚星锚链:59.83 | 600482:中国动力:56.28 | 600150:中国船舶:55.49 | 300589:江龙船艇:54.97 | 603268:松发股份:52.94,conservative_capability_first_peer_group_threshold
基础化工-化学原料-无机盐,8,0,8,false,60.01,51.37,,603067:振华股份:60.01 | 603299:苏盐井神:59.13 | 600367:红星发展:52.28 | 600929:雪天盐业:52.01 | 600328:中盐化工:48.46,conservative_capability_first_peer_group_threshold
建材-陶瓷-陶瓷,8,0,8,false,61.39,50.88,,001386:马可波罗:61.39 | 001216:华瓷股份:59.16 | 003012:东鹏控股:52.43 | 001322:箭牌家居:51.41 | 605086:龙高股份:48.25,conservative_capability_first_peer_group_threshold
建筑-建筑施工-房屋建筑,8,0,8,false,51.28,43.09,,601668:中国建筑:51.28 | 601068:中铝国际:50.60 | 600170:上海建工:47.43 | 600939:重庆建工:42.22 | 002785:万里石:40.53,conservative_capability_first_peer_group_threshold
建筑-钢结构-钢结构,8,0,8,false,43.27,39.25,,002541:鸿路钢构:43.27 | 600496:精工钢构:42.97 | 600477:杭萧钢构:41.96 | 002593:日上集团:40.40 | 002135:东南网架:40.39,conservative_capability_first_peer_group_threshold
纺织服装-服装家纺-服饰辅料,8,0,8,true,64.78,52.66,,300979:华利集团:64.78 | 002003:伟星股份:59.32 | 002674:兴业科技:53.36 | 603116:红蜻蜓:50.52 | 603001:奥康国际:50.01,low_barrier_zero_watch_allowed
纺织服装-纺织-棉纺,8,0,8,true,61.07,55.10,,601339:百隆东方:61.07 | 002042:华孚时尚:59.68 | 002083:孚日股份:59.25 | 300888:稳健医疗:58.09 | 000850:华茂股份:56.43,low_barrier_zero_watch_allowed
食品饮料-饮料-啤酒,8,0,8,false,66.87,62.46,,002461:珠江啤酒:66.87 | 001338:永顺泰:65.46 | 600573:惠泉啤酒:64.17 | 000729:燕京啤酒:62.41 | 000752:*ST西发:62.00,conservative_capability_first_peer_group_threshold
交运设备-汽车-汽车服务,7,0,7,false,60.67,57.54,,300938:信测标准:60.67 | 603377:ST东时:58.14 | 300825:阿尔特:57.83 | 301459:丰茂股份:57.25 | 600611:大众交通:57.00,conservative_capability_first_peer_group_threshold
交运设备-汽车-汽车销售,7,0,7,false,68.44,57.23,,600335:国机汽车:68.44 | 000007:全新好:60.52 | 600386:北巴传媒:56.47 | 000753:漳州发展:56.10 | 600822:上海物贸:53.92,conservative_capability_first_peer_group_threshold
交通运输-公路铁路-铁路运输,7,0,7,false,69.38,63.52,,601816:京沪高铁:69.38 | 601006:大秦铁路:66.38 | 601333:广深铁路:65.56 | 600125:铁龙物流:62.68 | 600603:广汇物流:60.89,conservative_capability_first_peer_group_threshold
休闲、生活及专业服务-专业服务-建筑装饰设计,7,0,7,true,44.74,38.84,,603357:设计总院:44.74 | 002811:郑中设计:41.90 | 300564:筑博设计:38.94 | 300500:启迪设计:37.99 | 301167:建研设计:37.89,low_barrier_zero_watch_allowed
化石能源-煤炭-焦炭,7,0,7,false,52.80,48.27,,000723:美锦能源:52.80 | 600740:山西焦化:50.88 | 601011:宝泰隆:48.87 | 601015:陕西黑猫:48.13 | 600725:云维股份:46.31,conservative_capability_first_peer_group_threshold
基础化工-合成纤维及树脂-玻纤,7,0,7,false,56.16,50.28,,603256:宏和科技:56.16 | 600176:中国巨石:53.51 | 002080:中材科技:52.88 | 300196:长海股份:51.21 | 603601:再升科技:47.16,conservative_capability_first_peer_group_threshold
建材-其他建材-管材,7,0,7,false,59.80,51.52,,603856:东宏股份:59.80 | 002372:伟星新材:54.21 | 300599:雄塑科技:53.25 | 002641:公元股份:52.00 | 002108:沧州明珠:49.24,conservative_capability_first_peer_group_threshold
机械设备-专用设备-印刷包装机械,7,0,7,false,62.63,55.78,,300509:新美星:62.63 | 603901:永创智能:58.94 | 002209:达 意 隆:56.04 | 001256:炜冈科技:55.39 | 300512:中亚股份:53.00,conservative_capability_first_peer_group_threshold
机械设备-通用设备-起重运输设备,7,0,7,false,63.26,56.13,,600320:振华重工:63.26 | 300420:五洋自控:59.80 | 603194:中力股份:58.32 | 002483:润邦股份:54.42 | 301016:雷尔伟:52.75,conservative_capability_first_peer_group_threshold
综合-综合-综合,7,0,7,false,60.98,49.17,,600673:东阳光:60.98 | 000009:中国宝安:58.42 | 300977:深圳瑞捷:51.69 | 600805:悦达投资:49.36 | 000833:粤桂股份:49.13,conservative_capability_first_peer_group_threshold
钢铁-铁矿石-铁矿石,7,0,7,false,60.25,49.42,,600295:鄂尔多斯:60.25 | 000923:河钢资源:51.62 | 001203:大中矿业:50.40 | 601969:XD海南矿:47.73 | 000655:金岭矿业:46.60,conservative_capability_first_peer_group_threshold
互联网-互联网服务-网络媒体,6,0,6,false,71.71,64.42,,300413:芒果超媒:71.71 | 301102:兆讯传媒:65.89 | 002027:分众传媒:65.76 | 603888:新华网:63.87 | 603000:人民网:62.43,conservative_capability_first_peer_group_threshold
休闲、生活及专业服务-休闲服务-酒店,6,0,6,true,62.13,48.67,,600754:锦江酒店:62.13 | 301073:君亭酒店:53.48 | 600258:首旅酒店:52.23 | 601007:金陵饭店:46.81 | 000428:华天酒店:44.41,low_barrier_zero_watch_allowed
信息技术-计算机软件-基础软件,6,0,6,false,69.22,61.72,,688111:金山办公:69.22 | 002279:久其软件:61.76 | 600536:中国软件:61.12 | 603138:海量数据:59.93 | 301270:汉仪股份:59.25,conservative_capability_first_peer_group_threshold
农林牧渔-农业-种植业,6,0,6,false,63.44,53.34,,601952:苏垦农发:63.44 | 600108:亚盛集团:60.99 | 601118:海南橡胶:60.01 | 600598:北大荒:52.41 | 600359:新农开发:43.20,conservative_capability_first_peer_group_threshold
农林牧渔-渔业-海洋渔业,6,0,6,false,58.70,52.85,,002069:獐子岛:58.70 | 000798:中水渔业:58.61 | 600467:好当家:50.46 | 300268:*ST佳沃:50.29 | 600097:开创国际:49.93,conservative_capability_first_peer_group_threshold
化石能源-石油天然气-石油天然气贸易,6,0,6,true,65.08,54.24,,603223:恒通股份:65.08 | 603353:和顺石油:57.87 | 000096:广聚能源:54.05 | 000554:泰山石油:54.00 | 000159:国际实业:49.43,low_barrier_zero_watch_allowed
医药生物-保健护理-保健护理产品,6,1,5,false,78.24,66.66,002001:新 和 成,002626:金达威:71.65 | 001206:依依股份:68.27 | 300791:仙乐健康:63.09 | 603102:百合股份:62.85 | 600530:交大昂立:55.84,conservative_capability_first_peer_group_threshold
商贸零售-零售-超市,6,0,6,true,46.07,40.36,,601933:永辉超市:46.07 | 603708:家家悦:42.29 | 002251:步步高:41.31 | 601116:三江购物:39.31 | 000759:中百集团:37.36,low_barrier_zero_watch_allowed
基础化工-化学原料-氟化工,6,0,6,false,63.40,54.03,,603505:金石资源:63.40 | 603379:三美股份:59.79 | 002407:多氟多:57.95 | 600160:巨化股份:55.02 | 002915:中欣氟材:44.49,conservative_capability_first_peer_group_threshold
基础化工-化学原料-磷化工,6,0,6,false,62.17,52.64,,600141:兴发集团:62.17 | 002895:川恒股份:59.64 | 002312:川发龙蟒:51.04 | 600078:澄星股份:50.15 | 300505:川金诺:49.85,conservative_capability_first_peer_group_threshold
纺织服装-服装家纺-家纺,6,0,6,true,61.13,53.95,,002327:富安娜:61.13 | 920262:太湖雪:57.38 | 002293:罗莱生活:56.49 | 603365:水星家纺:54.25 | 003041:真爱美家:52.05,low_barrier_zero_watch_allowed
互联网-互联网金融-其他互联网金融,5,0,5,false,68.65,62.35,,300059:东方财富:68.65 | 300803:指南针:66.80 | 300033:同花顺:64.12 | 002657:中科金财:56.49 | 601519:大智慧:55.67,conservative_capability_first_peer_group_threshold
交通运输-公路铁路-公交,5,0,5,false,65.16,63.13,,002357:富临运业:65.16 | 600650:锦江在线:65.09 | 600561:江西长运:63.44 | 600834:申通地铁:62.71 | 603069:海汽集团:59.24,conservative_capability_first_peer_group_threshold
交通运输-航空机场-机场,5,0,5,false,67.65,63.04,,600004:白云机场:67.65 | 600009:上海机场:67.34 | 600897:厦门空港:61.70 | 000089:深圳机场:60.93 | 600515:海南机场:57.60,conservative_capability_first_peer_group_threshold
信息技术-卫星应用-卫星应用,5,0,5,false,68.16,64.23,,688592:司南导航:68.16 | 002383:合众思壮:66.33 | 300627:华测导航:64.74 | 300053:航宇微:62.70 | 688066:*ST航图:59.21,conservative_capability_first_peer_group_threshold
农林牧渔-林业-木材加工,5,0,5,false,54.74,52.22,,000592:平潭发展:54.74 | 601996:丰林集团:53.18 | 000663:永安林业:53.05 | 600076:康欣新材:52.94 | 600265:*ST景谷:47.17,conservative_capability_first_peer_group_threshold
基础化工-化肥农药-氮肥,5,0,5,false,56.27,48.83,,600426:华鲁恒升:56.27 | 600691:潞化科技:48.24 | 000912:泸天化:47.76 | 600227:赤天化:45.97 | 000731:四川美丰:45.89,conservative_capability_first_peer_group_threshold
基础化工-合成纤维及树脂-粘胶纤维,5,0,5,false,51.86,48.68,,600409:三友化工:51.86 | 000949:新乡化纤:51.65 | 000677:ST海龙:49.01 | 000420:吉林化纤:47.82 | 600889:*ST京化:43.07,conservative_capability_first_peer_group_threshold
建筑-基础建设-其他基础建设,5,0,5,false,43.94,40.18,,002116:中国海诚:43.94 | 601868:中国能建:43.78 | 000010:*ST美丽:40.65 | 002205:国统股份:37.27 | 600491:ST龙元:35.28,conservative_capability_first_peer_group_threshold
建筑-基础建设-铁路城轨建设,5,0,5,false,66.80,64.44,,601390:中国中铁:66.80 | 002062:宏润建设:65.53 | 003013:地铁设计:64.84 | 688285:高铁电气:62.54 | 601186:中国铁建:62.47,conservative_capability_first_peer_group_threshold
金融-非银行金融-保险,5,0,5,false,63.83,58.83,,601318:中国平安:63.83 | 601628:中国人寿:62.96 | 601601:中国太保:60.43 | 601319:中国人保:55.45 | 601336:新华保险:51.49,conservative_capability_first_peer_group_threshold
食品饮料-饮料-葡萄酒,5,0,5,false,63.78,58.62,,000869:张  裕Ａ:63.78 | 600365:ST通葡:62.13 | 603779:威龙股份:57.59 | 600084:*ST尼雅:55.86 | 600543:*ST莫高:53.74,conservative_capability_first_peer_group_threshold
休闲、生活及专业服务-休闲服务-餐饮,4,0,4,true,58.65,49.02,,605108:同庆楼:58.65 | 002186:全 聚 德:50.06 | 002306:*ST云网:45.00 | 000721:西安饮食:42.38,low_barrier_zero_watch_allowed
基础化工-化学原料-纯碱,4,0,4,false,62.21,50.56,,000683:博源化工:62.21 | 601065:江盐集团:49.62 | 000822:山东海化:45.80 | 000707:双环科技:44.63,conservative_capability_first_peer_group_threshold
基础化工-合成纤维及树脂-锦纶,4,0,4,false,55.36,50.91,,300384:三联虹普:55.36 | 603055:台华新材:54.83 | 601113:华鼎股份:49.07 | 000782:恒申新材:44.36,conservative_capability_first_peer_group_threshold
家电-视听器材-视听器材,4,0,4,false,63.10,59.69,,600060:海信视像:63.10 | 002429:兆驰股份:62.85 | 688007:光峰科技:60.04 | 002848:*ST高斯:52.77,conservative_capability_first_peer_group_threshold
房地产-房地产开发-园区开发,4,0,4,true,44.27,39.91,,601512:中新集团:44.27 | 600082:ST海泰:44.02 | 600604:市北高新:36.44 | 600463:空港股份:34.93,low_barrier_zero_watch_allowed
机械设备-通用设备-内燃机,4,0,4,false,59.23,54.05,,600841:动力新科:59.23 | 600218:全柴动力:55.99 | 000570:苏常柴Ａ:51.41 | 605100:华丰股份:49.59,conservative_capability_first_peer_group_threshold
电气设备-电源设备-综合电力设备商,4,1,3,false,78.79,69.19,300827:上能电气,601727:上海电气:69.47 | 600875:东方电气:68.65 | 300982:苏文电能:59.84,conservative_capability_first_peer_group_threshold
纺织服装-纺织-毛纺,4,0,4,true,62.51,55.69,,300918:南山智尚:62.51 | 603889:新澳股份:57.83 | 601599:浙文影业:54.16 | 002193:ST如意:48.26,low_barrier_zero_watch_allowed
轻工制造-文娱用品-文化用品,4,0,4,false,65.14,57.49,,603899:晨光股份:65.14 | 002301:齐心集团:56.56 | 300703:创源股份:56.48 | 002103:广博股份:51.80,conservative_capability_first_peer_group_threshold
互联网-互联网商务-网上购物,3,0,3,false,61.85,61.11,,605136:丽人丽妆:61.85 | 300785:值得买:61.13 | 301558:三态股份:60.35,conservative_capability_first_peer_group_threshold
交运设备-摩托车-摩托车,3,0,3,false,63.95,60.10,,000913:钱江摩托:63.95 | 920058:华洋赛车:59.08 | 603766:隆鑫通用:57.27,conservative_capability_first_peer_group_threshold
商贸零售-商业物业经营-一般物业经营,3,0,3,true,47.67,42.37,,000056:*ST皇庭:47.67 | 000882:华联股份:40.63 | 603682:锦和商管:38.82,low_barrier_zero_watch_allowed
建筑-基础建设-水利建设,3,1,2,false,79.76,50.86,601669:中国电建,002060:广东建工:37.62 | 002586:ST围海:35.20,conservative_capability_first_peer_group_threshold
文化传媒-广播电视-网络电视,3,0,3,false,60.54,58.29,,300770:新媒股份:60.54 | 301262:海看股份:60.07 | 301551:无线传媒:54.25,conservative_capability_first_peer_group_threshold
文化传媒-教育-在线教育,3,0,3,false,59.85,53.38,,300010:ST豆神:59.85 | 600661:昂立教育:53.85 | 300338:*ST开元:46.43,conservative_capability_first_peer_group_threshold
有色金属-稀有金属-稀土,3,1,2,false,77.80,59.08,600259:中稀有色,000831:中国稀土:50.65 | 600392:盛和资源:48.80,conservative_capability_first_peer_group_threshold
纺织服装-纺织-印染,3,0,3,true,58.34,53.62,,600987:航民股份:58.34 | 605189:富春染织:54.88 | 600448:华纺股份:47.63,low_barrier_zero_watch_allowed
金融-银行-国有银行,3,0,3,false,55.29,52.71,,601288:农业银行:55.29 | 601988:中国银行:54.04 | 601328:交通银行:48.80,conservative_capability_first_peer_group_threshold
食品饮料-饮料-黄酒,3,0,3,false,69.55,63.36,,601579:会稽山:69.55 | 600059:古越龙山:68.61 | 600616:金枫酒业:51.93,conservative_capability_first_peer_group_threshold
互联网-互联网金融-第三方支付,2,0,2,false,62.06,56.81,,300773:拉卡拉:62.06 | 002647:仁东控股:51.57,conservative_capability_first_peer_group_threshold
交运设备-铁路设备-其他铁路设备,2,0,2,false,67.44,63.62,,603680:今创集团:67.44 | 688367:工大高科:59.80,conservative_capability_first_peer_group_threshold
休闲、生活及专业服务-休闲服务-其他休闲服务,2,0,2,false,56.03,48.59,,300795:米奥会展:56.03 | 300860:锋尚文化:41.16,conservative_capability_first_peer_group_threshold
农林牧渔-渔业-淡水渔业,2,0,2,false,62.55,59.13,,600257:大湖股份:62.55 | 300094:国联水产:55.71,conservative_capability_first_peer_group_threshold
国防与装备-船舶与海洋装备-海洋工程装备,2,0,2,false,52.87,51.45,,600764:中国海防:52.87 | 300065:海兰信:50.03,conservative_capability_first_peer_group_threshold
基础化工-化肥农药-磷肥,2,0,2,false,62.05,52.76,,600096:云天化:62.05 | 600470:六国化工:43.47,conservative_capability_first_peer_group_threshold
基础化工-化肥农药-钾肥,2,0,2,false,48.21,48.00,,002545:东方铁塔:48.21 | 000893:亚钾国际:47.80,conservative_capability_first_peer_group_threshold
基础化工-合成纤维及树脂-氨纶,2,0,2,false,61.41,52.94,,002064:华峰化学:61.41 | 002254:泰和新材:44.47,conservative_capability_first_peer_group_threshold
有色金属-稀有金属-钨,2,1,1,false,74.87,74.83,002842:翔鹭钨业,002378:章源钨业:74.79,conservative_capability_first_peer_group_threshold
机械设备-机器人-服务机器人,2,0,2,false,60.49,59.92,,603486:科沃斯:60.49 | 688169:石头科技:59.35,conservative_capability_first_peer_group_threshold
纺织服装-纺织-丝绸,2,0,2,true,54.55,51.87,,002404:嘉欣丝绸:54.55 | 301066:万事利:49.19,low_barrier_zero_watch_allowed
轻工制造-文娱用品-其他文娱用品,2,0,2,false,55.20,49.92,,002899:英派斯:55.20 | 002862:实丰文化:44.63,conservative_capability_first_peer_group_threshold
金融-非银行金融-信托,2,0,2,false,59.24,54.17,,000563:陕国投Ａ:59.24 | 600816:建元信托:49.11,conservative_capability_first_peer_group_threshold
食品饮料-饮料-其他酒类,2,0,2,false,63.86,57.66,,002568:百润股份:63.86 | 600238:*ST椰岛:51.47,conservative_capability_first_peer_group_threshold
交运设备-汽车-其他专用车辆,1,0,1,false,57.18,57.18,,300201:海伦哲:57.18,conservative_capability_first_peer_group_threshold
交运设备-铁路设备-铁路车辆及动车组,1,0,1,false,69.12,69.12,,601766:中国中车:69.12,conservative_capability_first_peer_group_threshold
公用事业-环保-空气,1,0,1,false,65.34,65.34,,002430:杭氧股份:65.34,conservative_capability_first_peer_group_threshold
农林牧渔-农业-农业服务,1,0,1,false,55.39,55.39,,002215:诺 普 信:55.39,conservative_capability_first_peer_group_threshold
农林牧渔-林业-林业种植,1,0,1,false,53.03,53.03,,002679:福建金森:53.03,conservative_capability_first_peer_group_threshold
医药生物-保健护理-保健护理服务,1,0,1,false,62.62,62.62,,600682:南京新百:62.62,conservative_capability_first_peer_group_threshold
医药生物-化学制药-化学辅料药,1,0,1,false,62.51,62.51,,688356:键凯科技:62.51,conservative_capability_first_peer_group_threshold
基础化工-合成纤维及树脂-维纶,1,0,1,false,49.21,49.21,,600063:皖维高新:49.21,conservative_capability_first_peer_group_threshold
文化传媒-体育-体育服务,1,0,1,false,59.63,59.63,,600158:中体产业:59.63,conservative_capability_first_peer_group_threshold
文化传媒-体育-赛事运营与传播,1,0,1,false,53.73,53.73,,002858:力盛体育:53.73,conservative_capability_first_peer_group_threshold
文化传媒-影视动漫-动漫,1,0,1,false,50.45,50.45,,002292:奥飞娱乐:50.45,conservative_capability_first_peer_group_threshold
文化传媒-教育-幼儿教育,1,0,1,false,46.06,46.06,,301231:荣信文化:46.06,conservative_capability_first_peer_group_threshold
文化传媒-教育-成人教育,1,0,1,false,45.82,45.82,,002607:中公教育:45.82,conservative_capability_first_peer_group_threshold
有色金属-基本金属-锡,1,1,0,false,79.22,79.22,600301:华锡有色,,conservative_capability_first_peer_group_threshold
有色金属-稀有金属-锂,1,0,1,false,46.52,46.52,,002667:*ST威领:46.52,conservative_capability_first_peer_group_threshold
金融-非银行金融-PE、VC投资,1,0,1,false,53.51,53.51,,600053:*ST九鼎:53.51,conservative_capability_first_peer_group_threshold
