security_code,security_name,score_total,score_business_moat,score_technology_barrier,score_market_position,score_business_quality,score_operating_quality,score_industry_outlook,score_governance_risk,peer_group,peer_relative_position,scoring_model_version
02600,CHALCO,总分-86.73,护城河-93.25,技术壁垒-100.00,市场地位-100.00,商业质量-63.88,经营质量-54.98,行业前景-72.00,治理风险-68.79,一般金属及矿石,stronger_than_peers,full_coverage_dimensional_v0.4
00580,SUN.KING TECH,总分-80.64,护城河-86.22,技术壁垒-94.53,市场地位-86.24,商业质量-66.64,经营质量-46.67,行业前景-68.00,治理风险-68.07,工业工程,stronger_than_peers,full_coverage_dimensional_v0.4
09999,NTES-S,总分-78.90,护城河-81.87,技术壁垒-82.00,市场地位-88.47,商业质量-68.08,经营质量-58.55,行业前景-78.00,治理风险-67.20,软件服务,above_average,full_coverage_dimensional_v0.4
01024,KUAISHOU-W,总分-78.65,护城河-81.91,技术壁垒-81.90,市场地位-88.66,商业质量-68.60,经营质量-53.33,行业前景-78.00,治理风险-67.27,媒体及娱乐,above_average,full_coverage_dimensional_v0.4
00700,TENCENT,总分-78.64,护城河-81.93,技术壁垒-81.95,市场地位-88.74,商业质量-69.33,经营质量-50.59,行业前景-78.00,治理风险-68.46,软件服务,above_average,full_coverage_dimensional_v0.4
01530,3SBIO,总分-78.59,护城河-80.40,技术壁垒-85.97,市场地位-87.08,商业质量-74.13,经营质量-58.31,行业前景-70.00,治理风险-67.08,药品及生物科技,above_average,full_coverage_dimensional_v0.4
09626,BILIBILI-W,总分-78.59,护城河-81.66,技术壁垒-81.86,市场地位-87.21,商业质量-67.37,经营质量-57.75,行业前景-78.00,治理风险-68.33,媒体及娱乐,above_average,full_coverage_dimensional_v0.4
01860,MOBVISTA,总分-78.48,护城河-81.57,技术壁垒-81.55,市场地位-86.45,商业质量-68.13,经营质量-58.89,行业前景-78.00,治理风险-67.64,媒体及娱乐,above_average,full_coverage_dimensional_v0.4
00696,TRAVELSKY TECH,总分-78.43,护城河-81.40,技术壁垒-81.66,市场地位-87.09,商业质量-68.72,经营质量-56.11,行业前景-78.00,治理风险-67.77,软件服务,above_average,full_coverage_dimensional_v0.4
09898,WB-SW,总分-78.43,护城河-81.48,技术壁垒-82.00,市场地位-87.14,商业质量-65.98,经营质量-57.87,行业前景-78.00,治理风险-67.80,媒体及娱乐,above_average,full_coverage_dimensional_v0.4
09911,NEWBORNTOWN,总分-78.43,护城河-81.05,技术壁垒-81.66,市场地位-85.41,商业质量-71.11,经营质量-59.03,行业前景-78.00,治理风险-67.11,媒体及娱乐,above_average,full_coverage_dimensional_v0.4
01679,RISECOMM GP,总分-78.40,护城河-86.38,技术壁垒-92.79,市场地位-71.47,商业质量-56.47,经营质量-59.94,行业前景-68.00,治理风险-71.70,软件服务,above_average,full_coverage_dimensional_v0.4
09698,GDS-SW,总分-78.34,护城河-81.60,技术壁垒-81.58,市场地位-87.25,商业质量-65.13,经营质量-56.82,行业前景-78.00,治理风险-69.35,软件服务,above_average,full_coverage_dimensional_v0.4
01318,MAO GEPING,总分-78.24,护城河-80.36,技术壁垒-85.94,市场地位-86.67,商业质量-70.94,经营质量-58.02,行业前景-70.00,治理风险-67.10,其他医疗保健,above_average,full_coverage_dimensional_v0.4
01698,TME-SW,总分-78.23,护城河-81.31,技术壁垒-81.62,市场地位-86.45,商业质量-68.29,经营质量-54.31,行业前景-78.00,治理风险-68.75,媒体及娱乐,above_average,full_coverage_dimensional_v0.4
02269,WUXI BIO,总分-78.13,护城河-80.54,技术壁垒-85.68,市场地位-87.13,商业质量-68.88,经营质量-57.28,行业前景-70.00,治理风险-67.77,药品及生物科技,above_average,full_coverage_dimensional_v0.4
00992,LENOVO GROUP,总分-78.09,护城河-81.34,技术壁垒-81.61,市场地位-86.57,商业质量-65.54,经营质量-55.56,行业前景-78.00,治理风险-68.53,资讯科技器材,above_average,full_coverage_dimensional_v0.4
06618,JD HEALTH,总分-78.04,护城河-80.74,技术壁垒-85.89,市场地位-87.77,商业质量-65.86,经营质量-56.43,行业前景-70.00,治理风险-67.97,药品及生物科技,above_average,full_coverage_dimensional_v0.4
03320,CHINARES PHARMA,总分-78.01,护城河-81.00,技术壁垒-85.44,市场地位-88.27,商业质量-64.35,经营质量-56.15,行业前景-70.00,治理风险-69.21,药品及生物科技,above_average,full_coverage_dimensional_v0.4
03355,FS.COM,总分-77.82,护城河-80.34,技术壁垒-81.74,市场地位-83.57,商业质量-69.25,经营质量-58.47,行业前景-78.00,治理风险-67.24,软件服务,above_average,full_coverage_dimensional_v0.4
09888,BIDU-SW,总分-77.81,护城河-81.74,技术壁垒-81.79,市场地位-87.97,商业质量-62.41,经营质量-48.90,行业前景-78.00,治理风险-68.91,媒体及娱乐,above_average,full_coverage_dimensional_v0.4
00354,CHINASOFT INT'L,总分-77.77,护城河-81.67,技术壁垒-81.10,市场地位-86.88,商业质量-60.91,经营质量-55.65,行业前景-78.00,治理风险-69.03,软件服务,above_average,full_coverage_dimensional_v0.4
02359,WUXI APPTEC,总分-77.75,护城河-80.14,技术壁垒-85.84,市场地位-85.94,商业质量-69.29,经营质量-53.85,行业前景-70.00,治理风险-68.33,药品及生物科技,above_average,full_coverage_dimensional_v0.4
02373,BEAUTYFARM MED,总分-77.73,护城河-79.96,技术壁垒-85.81,市场地位-84.59,商业质量-67.58,经营质量-60.28,行业前景-70.00,治理风险-68.01,其他医疗保健,above_average,full_coverage_dimensional_v0.4
00285,BYD ELECTRONIC,总分-77.65,护城河-81.18,技术壁垒-81.80,市场地位-85.72,商业质量-63.23,经营质量-53.79,行业前景-78.00,治理风险-68.02,资讯科技器材,above_average,full_coverage_dimensional_v0.4
00861,DC HOLDINGS,总分-77.65,护城河-81.74,技术壁垒-80.60,市场地位-84.44,商业质量-66.47,经营质量-52.75,行业前景-78.00,治理风险-69.92,软件服务,above_average,full_coverage_dimensional_v0.4
01177,SBP GROUP,总分-77.65,护城河-80.67,技术壁垒-84.73,市场地位-87.19,商业质量-64.85,经营质量-57.05,行业前景-70.00,治理风险-68.49,药品及生物科技,above_average,full_coverage_dimensional_v0.4
09636,JF SMARTINVEST,总分-77.65,护城河-80.54,技术壁垒-81.76,市场地位-84.21,商业质量-65.43,经营质量-58.43,行业前景-78.00,治理风险-67.08,软件服务,above_average,full_coverage_dimensional_v0.4
03296,HUAQIN,总分-77.64,护城河-80.69,技术壁垒-81.74,市场地位-83.75,商业质量-66.81,经营质量-54.41,行业前景-78.00,治理风险-69.54,资讯科技器材,above_average,full_coverage_dimensional_v0.4
00853,MICROPORT,总分-77.63,护城河-80.60,技术壁垒-84.91,市场地位-86.67,商业质量-65.77,经营质量-54.95,行业前景-70.00,治理风险-69.88,其他医疗保健,above_average,full_coverage_dimensional_v0.4
00981,SMIC,总分-77.63,护城河-78.00,技术壁垒-87.71,市场地位-88.00,商业质量-61.69,经营质量-53.97,行业前景-72.00,治理风险-69.44,半导体,above_average,full_coverage_dimensional_v0.4
00268,KINGDEE INT'L,总分-77.58,护城河-81.21,技术壁垒-80.70,市场地位-84.07,商业质量-66.24,经营质量-54.99,行业前景-78.00,治理风险-69.72,软件服务,above_average,full_coverage_dimensional_v0.4
01515,CR MEDICAL,总分-77.54,护城河-80.68,技术壁垒-85.33,市场地位-87.18,商业质量-62.05,经营质量-56.26,行业前景-70.00,治理风险-68.73,其他医疗保健,above_average,full_coverage_dimensional_v0.4
09890,TANWAN,总分-77.44,护城河-80.68,技术壁垒-81.81,市场地位-84.81,商业质量-68.14,经营质量-49.14,行业前景-78.00,治理风险-67.04,软件服务,above_average,full_coverage_dimensional_v0.4
00136,CHINA RUYI,总分-77.43,护城河-80.45,技术壁垒-81.28,市场地位-83.93,商业质量-67.13,经营质量-54.85,行业前景-78.00,治理风险-67.74,媒体及娱乐,above_average,full_coverage_dimensional_v0.4
00917,QUNABOX GROUP,总分-77.43,护城河-79.93,技术壁垒-81.72,市场地位-81.76,商业质量-69.60,经营质量-57.73,行业前景-78.00,治理风险-67.37,媒体及娱乐,above_average,full_coverage_dimensional_v0.4
02525,HESAI-W,总分-77.39,护城河-80.41,技术壁垒-81.84,市场地位-83.52,商业质量-69.42,经营质量-49.86,行业前景-78.00,治理风险-68.01,软件服务,above_average,full_coverage_dimensional_v0.4
02666,UNI MEDICAL,总分-77.38,护城河-77.00,技术壁垒-85.68,市场地位-88.75,商业质量-67.43,经营质量-58.02,行业前景-70.00,治理风险-69.30,其他医疗保健,above_average,full_coverage_dimensional_v0.4
02276,CONANT OPTICAL,总分-77.31,护城河-79.40,技术壁垒-85.74,市场地位-83.79,商业质量-68.90,经营质量-57.04,行业前景-70.00,治理风险-67.24,其他医疗保健,above_average,full_coverage_dimensional_v0.4
00552,CHINACOMSERVICE,总分-77.30,护城河-81.02,技术壁垒-81.34,市场地位-85.46,商业质量-61.72,经营质量-52.63,行业前景-78.00,治理风险-68.63,资讯科技器材,above_average,full_coverage_dimensional_v0.4
02038,FIH,总分-77.30,护城河-80.85,技术壁垒-81.28,市场地位-83.23,商业质量-66.83,经营质量-51.30,行业前景-78.00,治理风险-69.24,资讯科技器材,above_average,full_coverage_dimensional_v0.4
02273,GUSHENGTANG,总分-77.26,护城河-80.04,技术壁垒-85.84,市场地位-85.20,商业质量-66.44,经营质量-52.38,行业前景-70.00,治理风险-67.67,其他医疗保健,above_average,full_coverage_dimensional_v0.4
03888,KINGSOFT,总分-77.25,护城河-77.54,技术壁垒-81.71,市场地位-87.38,商业质量-66.77,经营质量-55.99,行业前景-78.00,治理风险-67.93,软件服务,above_average,full_coverage_dimensional_v0.4
02696,HENLIUS,总分-77.23,护城河-79.54,技术壁垒-85.81,市场地位-82.84,商业质量-67.25,经营质量-58.54,行业前景-70.00,治理风险-67.89,药品及生物科技,above_average,full_coverage_dimensional_v0.4
06699,ANGELALIGN,总分-77.18,护城河-79.56,技术壁垒-85.71,市场地位-82.89,商业质量-68.07,经营质量-56.06,行业前景-70.00,治理风险-68.68,其他医疗保健,above_average,full_coverage_dimensional_v0.4
00777,NETDRAGON,总分-77.17,护城河-80.74,技术壁垒-81.39,市场地位-83.89,商业质量-61.76,经营质量-54.62,行业前景-78.00,治理风险-69.15,软件服务,above_average,full_coverage_dimensional_v0.4
03700,INKEVERSE,总分-77.12,护城河-80.97,技术壁垒-81.38,市场地位-84.34,商业质量-61.94,经营质量-52.52,行业前景-78.00,治理风险-68.12,媒体及娱乐,above_average,full_coverage_dimensional_v0.4
09885,YSB,总分-77.05,护城河-80.47,技术壁垒-84.91,市场地位-83.61,商业质量-64.94,经营质量-55.02,行业前景-70.00,治理风险-68.89,药品及生物科技,above_average,full_coverage_dimensional_v0.4
01675,ASIAINFO TECH,总分-77.04,护城河-81.14,技术壁垒-81.13,市场地位-84.36,商业质量-62.41,经营质量-49.36,行业前景-78.00,治理风险-69.47,软件服务,above_average,full_coverage_dimensional_v0.4
00241,ALI HEALTH,总分-77.02,护城河-80.34,技术壁垒-84.54,市场地位-85.54,商业质量-62.77,经营质量-55.78,行业前景-70.00,治理风险-68.13,药品及生物科技,above_average,full_coverage_dimensional_v0.4
01276,HENGRUI PHARMA,总分-76.99,护城河-79.81,技术壁垒-85.15,市场地位-84.70,商业质量-67.48,经营质量-50.73,行业前景-70.00,治理风险-68.53,药品及生物科技,above_average,full_coverage_dimensional_v0.4
01347,HUA HONG SEMI,总分-76.99,护城河-77.64,技术壁垒-87.14,市场地位-86.57,商业质量-59.03,经营质量-53.98,行业前景-72.00,治理风险-69.67,半导体,above_average,full_coverage_dimensional_v0.4
01729,TIME INTERCON,总分-76.99,护城河-80.03,技术壁垒-81.15,市场地位-81.72,商业质量-66.70,经营质量-56.25,行业前景-78.00,治理风险-67.31,资讯科技器材,above_average,full_coverage_dimensional_v0.4
00512,GRAND PHARMA,总分-76.98,护城河-80.07,技术壁垒-85.07,市场地位-84.72,商业质量-62.94,经营质量-55.94,行业前景-70.00,治理风险-68.25,药品及生物科技,above_average,full_coverage_dimensional_v0.4
01896,MAOYAN ENT,总分-76.97,护城河-76.88,技术壁垒-81.59,市场地位-84.72,商业质量-70.47,经营质量-55.95,行业前景-78.00,治理风险-68.06,媒体及娱乐,above_average,full_coverage_dimensional_v0.4
01450,BE FRIENDS HLDG,总分-76.93,护城河-79.59,技术壁垒-80.90,市场地位-80.17,商业质量-70.06,经营质量-57.04,行业前景-78.00,治理风险-67.58,媒体及娱乐,above_average,full_coverage_dimensional_v0.4
06887,SUNSHINE PHARMA,总分-76.92,护城河-79.28,技术壁垒-85.34,市场地位-81.07,商业质量-68.28,经营质量-58.33,行业前景-70.00,治理风险-68.85,药品及生物科技,above_average,full_coverage_dimensional_v0.4
03738,VOBILE GROUP,总分-76.89,护城河-80.15,技术壁垒-80.94,市场地位-82.46,商业质量-65.62,经营质量-53.63,行业前景-78.00,治理风险-68.18,软件服务,above_average,full_coverage_dimensional_v0.4
01066,WEIGAO GROUP,总分-76.88,护城河-76.84,技术壁垒-85.26,市场地位-88.11,商业质量-65.58,经营质量-56.79,行业前景-70.00,治理风险-68.54,其他医疗保健,above_average,full_coverage_dimensional_v0.4
02416,EDIANYUN,总分-76.88,护城河-79.55,技术壁垒-81.34,市场地位-80.23,商业质量-68.30,经营质量-56.30,行业前景-78.00,治理风险-68.22,软件服务,above_average,full_coverage_dimensional_v0.4
03692,HANSOH PHARMA,总分-76.88,护城河-76.27,技术壁垒-85.55,市场地位-86.63,商业质量-70.69,经营质量-56.17,行业前景-70.00,治理风险-67.28,药品及生物科技,above_average,full_coverage_dimensional_v0.4
02196,FOSUN PHARMA,总分-76.87,护城河-79.94,技术壁垒-85.10,市场地位-84.03,商业质量-64.52,经营质量-52.72,行业前景-70.00,治理风险-69.58,药品及生物科技,above_average,full_coverage_dimensional_v0.4
01681,CONSUN PHARMA,总分-76.80,护城河-78.88,技术壁垒-85.76,市场地位-81.23,商业质量-68.84,经营质量-56.94,行业前景-70.00,治理风险-67.20,药品及生物科技,above_average,full_coverage_dimensional_v0.4
02556,MARKETINGFORCE,总分-76.80,护城河-80.21,技术壁垒-81.47,市场地位-81.21,商业质量-69.83,经营质量-46.38,行业前景-78.00,治理风险-68.78,软件服务,above_average,full_coverage_dimensional_v0.4
01112,H&H INTL HLDG,总分-76.73,护城河-76.92,技术壁垒-85.14,市场地位-86.61,商业质量-65.38,经营质量-56.47,行业前景-70.00,治理风险-70.17,其他医疗保健,above_average,full_coverage_dimensional_v0.4
03933,UNITED LAB,总分-76.70,护城河-79.33,技术壁垒-86.00,市场地位-82.08,商业质量-60.67,经营质量-59.33,行业前景-70.00,治理风险-69.00,医疗保健,above_average,full_coverage_dimensional_v0.4
00013,HUTCHMED,总分-76.64,护城河-79.15,技术壁垒-86.00,市场地位-83.00,商业质量-65.86,经营质量-52.03,行业前景-70.00,治理风险-67.04,药品及生物科技,above_average,full_coverage_dimensional_v0.4
01810,XIAOMI-W,总分-76.64,护城河-74.67,技术壁垒-81.87,市场地位-87.89,商业质量-67.01,经营质量-57.47,行业前景-78.00,治理风险-67.51,资讯科技器材,above_average,full_coverage_dimensional_v0.4
01763,CIRC,总分-76.60,护城河-79.68,技术壁垒-85.58,市场地位-82.50,商业质量-61.49,经营质量-55.80,行业前景-70.00,治理风险-68.93,药品及生物科技,above_average,full_coverage_dimensional_v0.4
09899,NETEASE MUSIC,总分-76.59,护城河-74.22,技术壁垒-81.97,市场地位-86.31,商业质量-69.79,经营质量-58.61,行业前景-78.00,治理风险-67.16,媒体及娱乐,above_average,full_coverage_dimensional_v0.4
00327,PAX GLOBAL,总分-76.53,护城河-79.38,技术壁垒-81.54,市场地位-79.69,商业质量-67.16,经营质量-53.86,行业前景-78.00,治理风险-67.61,资讯科技器材,above_average,full_coverage_dimensional_v0.4
00763,ZTE,总分-76.50,护城河-80.36,技术壁垒-80.95,市场地位-83.23,商业质量-64.67,经营质量-43.96,行业前景-78.00,治理风险-69.85,资讯科技器材,above_average,full_coverage_dimensional_v0.4
01970,IMAX CHINA,总分-76.50,护城河-78.72,技术壁垒-81.69,市场地位-78.28,商业质量-68.63,经营质量-57.16,行业前景-78.00,治理风险-67.48,媒体及娱乐,above_average,full_coverage_dimensional_v0.4
00856,VSTECS,总分-76.49,护城河-74.80,技术壁垒-81.68,市场地位-87.89,商业质量-64.19,经营质量-58.16,行业前景-78.00,治理风险-68.30,软件服务,above_average,full_coverage_dimensional_v0.4
02877,SHINEWAY PHARM,总分-76.49,护城河-78.81,技术壁垒-85.74,市场地位-80.96,商业质量-66.16,经营质量-55.96,行业前景-70.00,治理风险-67.68,药品及生物科技,above_average,full_coverage_dimensional_v0.4
06869,YOFC,总分-76.44,护城河-78.72,技术壁垒-81.41,市场地位-77.46,商业质量-71.73,经营质量-53.27,行业前景-78.00,治理风险-69.34,资讯科技器材,above_average,full_coverage_dimensional_v0.4
00400,INGDAN,总分-76.43,护城河-77.29,技术壁垒-86.71,市场地位-84.71,商业质量-61.23,经营质量-50.25,行业前景-72.00,治理风险-68.78,半导体,above_average,full_coverage_dimensional_v0.4
00811,XINHUA WINSHARE,总分-76.43,护城河-80.19,技术壁垒-81.48,市场地位-82.28,商业质量-64.79,经营质量-44.21,行业前景-78.00,治理风险-69.07,媒体及娱乐,above_average,full_coverage_dimensional_v0.4
06998,EDDING GENOR,总分-76.43,护城河-78.48,技术壁垒-84.97,市场地位-79.56,商业质量-71.70,经营质量-55.13,行业前景-70.00,治理风险-68.09,药品及生物科技,above_average,full_coverage_dimensional_v0.4
00334,CH DISPLAY OPT,总分-76.40,护城河-79.70,技术壁垒-80.69,市场地位-79.23,商业质量-68.73,经营质量-51.89,行业前景-78.00,治理风险-68.22,资讯科技器材,above_average,full_coverage_dimensional_v0.4
01696,SISRAM MED,总分-76.40,护城河-79.48,技术壁垒-85.04,市场地位-81.90,商业质量-64.39,经营质量-52.83,行业前景-70.00,治理风险-69.11,其他医疗保健,above_average,full_coverage_dimensional_v0.4
01789,AK MEDICAL,总分-76.35,护城河-78.44,技术壁垒-85.10,市场地位-80.53,商业质量-69.87,经营质量-54.10,行业前景-70.00,治理风险-67.58,其他医疗保健,above_average,full_coverage_dimensional_v0.4
01797,EAST BUY,总分-76.34,护城河-80.79,技术壁垒-80.55,市场地位-81.17,商业质量-60.33,经营质量-51.73,行业前景-78.00,治理风险-69.55,媒体及娱乐,above_average,full_coverage_dimensional_v0.4
06608,BAIRONG-W,总分-76.34,护城河-80.28,技术壁垒-81.18,市场地位-81.08,商业质量-60.11,经营质量-52.21,行业前景-78.00,治理风险-69.39,软件服务,above_average,full_coverage_dimensional_v0.4
02590,GEEKPLUS-W,总分-76.29,护城河-80.48,技术壁垒-80.75,市场地位-77.74,商业质量-66.05,经营质量-51.41,行业前景-78.00,治理风险-70.00,软件服务,above_average,full_coverage_dimensional_v0.4
00522,ASMPT,总分-76.26,护城河-76.57,技术壁垒-87.57,市场地位-83.14,商业质量-61.07,经营质量-50.00,行业前景-72.00,治理风险-70.00,半导体,above_average,full_coverage_dimensional_v0.4
02400,XD INC,总分-76.24,护城河-74.01,技术壁垒-81.87,市场地位-85.82,商业质量-67.30,经营质量-58.88,行业前景-78.00,治理风险-67.00,软件服务,above_average,full_coverage_dimensional_v0.4
03689,KANGHUA HEALTH,总分-76.23,护城河-79.32,技术壁垒-85.07,市场地位-81.07,商业质量-62.49,经营质量-55.33,行业前景-70.00,治理风险-68.87,其他医疗保健,above_average,full_coverage_dimensional_v0.4
02166,SMART-CORE,总分-76.19,护城河-76.93,技术壁垒-87.29,市场地位-82.43,商业质量-63.91,经营质量-48.64,行业前景-72.00,治理风险-67.44,半导体,above_average,full_coverage_dimensional_v0.4
06160,BEONE MEDICINES,总分-76.19,护城河-76.01,技术壁垒-85.63,市场地位-85.09,商业质量-68.01,经营质量-50.00,行业前景-70.00,治理风险-70.00,药品及生物科技,above_average,full_coverage_dimensional_v0.4
01588,CHANJET,总分-76.16,护城河-78.75,技术壁垒-81.36,市场地位-77.05,商业质量-68.09,经营质量-55.68,行业前景-78.00,治理风险-68.09,软件服务,above_average,full_coverage_dimensional_v0.4
02306,YH ENT,总分-76.16,护城河-78.98,技术壁垒-81.03,市场地位-78.07,商业质量-67.71,经营质量-53.78,行业前景-78.00,治理风险-68.38,媒体及娱乐,above_average,full_coverage_dimensional_v0.4
00771,AUTOMATED SYS,总分-76.14,护城河-80.08,技术壁垒-80.99,市场地位-80.60,商业质量-64.07,经营质量-47.10,行业前景-78.00,治理风险-68.70,软件服务,above_average,full_coverage_dimensional_v0.4
02268,WUXI XDC,总分-76.13,护城河-75.41,技术壁垒-85.68,市场地位-83.27,商业质量-69.48,经营质量-56.59,行业前景-70.00,治理风险-67.40,药品及生物科技,above_average,full_coverage_dimensional_v0.4
03798,HOMELAND ITL,总分-76.12,护城河-79.15,技术壁垒-80.81,市场地位-77.69,商业质量-68.08,经营质量-53.46,行业前景-78.00,治理风险-68.62,软件服务,above_average,full_coverage_dimensional_v0.4
02096,SIMCERE PHARMA,总分-76.10,护城河-75.74,技术壁垒-85.31,市场地位-83.96,商业质量-68.56,经营质量-55.37,行业前景-70.00,治理风险-67.56,药品及生物科技,above_average,full_coverage_dimensional_v0.4
01513,LIVZON PHARMA,总分-76.09,护城河-78.68,技术壁垒-85.47,市场地位-80.27,商业质量-64.89,经营质量-53.23,行业前景-70.00,治理风险-68.81,药品及生物科技,above_average,full_coverage_dimensional_v0.4
01075,CAPINFO,总分-76.05,护城河-75.81,技术壁垒-81.50,市场地位-80.89,商业质量-69.07,经营质量-56.87,行业前景-78.00,治理风险-68.05,软件服务,above_average,full_coverage_dimensional_v0.4
00303,VTECH HOLDINGS,总分-75.99,护城河-79.54,技术壁垒-82.00,市场地位-79.95,商业质量-65.23,经营质量-44.00,行业前景-78.00,治理风险-67.71,资讯科技器材,above_average,full_coverage_dimensional_v0.4
02607,SH PHARMA,总分-75.99,护城河-76.87,技术壁垒-85.18,市场地位-87.27,商业质量-62.37,经营质量-47.32,行业前景-70.00,治理风险-69.62,药品及生物科技,above_average,full_coverage_dimensional_v0.4
00867,CMS,总分-75.98,护城河-75.87,技术壁垒-85.42,市场地位-84.64,商业质量-65.95,经营质量-54.04,行业前景-70.00,治理风险-67.81,药品及生物科技,above_average,full_coverage_dimensional_v0.4
02005,SSY GROUP,总分-75.93,护城河-79.08,技术壁垒-84.83,市场地位-81.31,商业质量-61.15,经营质量-54.17,行业前景-70.00,治理风险-68.41,药品及生物科技,above_average,full_coverage_dimensional_v0.4
02131,NETJOY,总分-75.92,护城河-79.84,技术壁垒-80.83,市场地位-79.14,商业质量-61.01,经营质量-52.26,行业前景-78.00,治理风险-69.23,媒体及娱乐,above_average,full_coverage_dimensional_v0.4
02540,LESI GROUP,总分-75.83,护城河-79.76,技术壁垒-81.03,市场地位-79.62,商业质量-64.46,经营质量-45.57,行业前景-78.00,治理风险-68.17,媒体及娱乐,above_average,full_coverage_dimensional_v0.4
00596,INSPUR DIGI ENT,总分-75.82,护城河-77.34,技术壁垒-81.26,市场地位-85.87,商业质量-60.50,经营质量-46.12,行业前景-78.00,治理风险-68.50,软件服务,above_average,full_coverage_dimensional_v0.4
01302,LIFETECH SCI,总分-75.81,护城河-78.12,技术壁垒-84.30,市场地位-78.38,商业质量-67.63,经营质量-56.24,行业前景-70.00,治理风险-69.06,其他医疗保健,above_average,full_coverage_dimensional_v0.4
03309,C-MER MEDICAL,总分-75.81,护城河-79.08,技术壁垒-84.56,市场地位-79.92,商业质量-63.89,经营质量-52.32,行业前景-70.00,治理风险-68.82,其他医疗保健,above_average,full_coverage_dimensional_v0.4
02367,GIANT BIOGENE,总分-75.79,护城河-73.52,技术壁垒-85.87,市场地位-87.31,商业质量-64.06,经营质量-56.99,行业前景-70.00,治理风险-67.14,其他医疗保健,above_average,full_coverage_dimensional_v0.4
00799,IGG,总分-75.74,护城河-80.81,技术壁垒-73.55,市场地位-84.79,商业质量-64.11,经营质量-58.31,行业前景-78.00,治理风险-67.45,软件服务,above_average,full_coverage_dimensional_v0.4
03600,MODERN DENTAL,总分-75.73,护城河-80.12,技术壁垒-77.46,市场地位-85.71,商业质量-69.09,经营质量-55.70,行业前景-70.00,治理风险-67.34,其他医疗保健,above_average,full_coverage_dimensional_v0.4
06820,FRIENDTIMES,总分-75.72,护城河-78.89,技术壁垒-80.78,市场地位-77.58,商业质量-65.48,经营质量-52.56,行业前景-78.00,治理风险-67.85,软件服务,above_average,full_coverage_dimensional_v0.4
02142,HBM HOLDINGS-B,总分-75.71,护城河-77.09,技术壁垒-85.52,市场地位-75.90,商业质量-72.34,经营质量-56.00,行业前景-70.00,治理风险-67.12,药品及生物科技,above_average,full_coverage_dimensional_v0.4
02458,GALA TECH HOLD,总分-75.69,护城河-78.16,技术壁垒-81.63,市场地位-75.78,商业质量-64.52,经营质量-58.00,行业前景-78.00,治理风险-67.36,软件服务,above_average,full_coverage_dimensional_v0.4
01357,MEITU,总分-75.64,护城河-73.53,技术壁垒-81.34,市场地位-83.86,商业质量-68.37,经营质量-55.58,行业前景-78.00,治理风险-67.69,媒体及娱乐,above_average,full_coverage_dimensional_v0.4
01833,PA GOODDOCTOR,总分-75.59,护城河-73.44,技术壁垒-84.88,市场地位-86.41,商业质量-67.75,经营质量-53.08,行业前景-70.00,治理风险-69.30,其他医疗保健,above_average,full_coverage_dimensional_v0.4
02219,CHAOJU EYE CARE,总分-75.59,护城河-78.04,技术壁垒-84.98,市场地位-78.35,商业质量-65.34,经营质量-54.16,行业前景-70.00,治理风险-68.30,其他医疗保健,above_average,full_coverage_dimensional_v0.4
01093,CSPC PHARMA,总分-75.58,护城河-77.00,技术壁垒-84.00,市场地位-88.75,商业质量-63.67,经营质量-42.00,行业前景-70.00,治理风险-67.00,医疗保健,above_average,full_coverage_dimensional_v0.4
00085,CE HUADA TECH,总分-75.57,护城河-76.21,技术壁垒-86.57,市场地位-81.29,商业质量-59.74,经营质量-52.11,行业前景-72.00,治理风险-68.11,半导体,above_average,full_coverage_dimensional_v0.4
01948,UJU HOLDING,总分-75.56,护城河-74.40,技术壁垒-81.52,市场地位-85.34,商业质量-66.95,经营质量-47.01,行业前景-78.00,治理风险-68.59,媒体及娱乐,above_average,full_coverage_dimensional_v0.4
06086,FANGZHOU JIANKE,总分-75.56,护城河-78.95,技术壁垒-84.15,市场地位-77.52,商业质量-65.69,经营质量-53.39,行业前景-70.00,治理风险-69.13,药品及生物科技,above_average,full_coverage_dimensional_v0.4
00460,SIHUAN PHARM,总分-75.55,护城河-78.55,技术壁垒-84.33,市场地位-78.39,商业质量-68.02,经营质量-49.31,行业前景-70.00,治理风险-69.05,药品及生物科技,above_average,full_coverage_dimensional_v0.4
02280,HC GROUP,总分-75.49,护城河-81.07,技术壁垒-79.64,市场地位-78.77,商业质量-62.72,经营质量-41.69,行业前景-78.00,治理风险-70.24,软件服务,above_average,full_coverage_dimensional_v0.4
03396,LEGENDHOLDING,总分-75.46,护城河-71.00,技术壁垒-81.21,市场地位-87.43,商业质量-67.43,经营质量-55.36,行业前景-78.00,治理风险-70.25,资讯科技器材,above_average,full_coverage_dimensional_v0.4
02145,CHICMAX,总分-75.44,护城河-76.76,技术壁垒-77.97,市场地位-87.69,商业质量-70.25,经营质量-58.57,行业前景-70.00,治理风险-67.05,其他医疗保健,above_average,full_coverage_dimensional_v0.4
01187,COFOE MEDICAL,总分-75.43,护城河-77.56,技术壁垒-85.42,市场地位-76.24,商业质量-67.75,经营质量-52.13,行业前景-70.00,治理风险-69.78,其他医疗保健,above_average,full_coverage_dimensional_v0.4
00909,MING YUAN CLOUD,总分-75.42,护城河-78.95,技术壁垒-80.54,市场地位-76.66,商业质量-63.94,经营质量-50.46,行业前景-78.00,治理风险-69.76,软件服务,above_average,full_coverage_dimensional_v0.4
02342,COMBA,总分-75.40,护城河-79.05,技术壁垒-80.03,市场地位-76.41,商业质量-65.25,经营质量-50.47,行业前景-78.00,治理风险-69.95,资讯科技器材,above_average,full_coverage_dimensional_v0.4
02407,GAUSH MEDITECH,总分-75.39,护城河-78.20,技术壁垒-85.52,市场地位-77.84,商业质量-60.70,经营质量-54.79,行业前景-70.00,治理风险-68.78,其他医疗保健,above_average,full_coverage_dimensional_v0.4
01523,PLOVER BAY TECH,总分-75.37,护城河-77.41,技术壁垒-81.08,市场地位-73.20,商业质量-70.45,经营质量-56.86,行业前景-78.00,治理风险-67.00,资讯科技器材,above_average,full_coverage_dimensional_v0.4
02586,DMALL,总分-75.27,护城河-80.01,技术壁垒-73.15,市场地位-81.69,商业质量-68.90,经营质量-56.33,行业前景-78.00,治理风险-67.73,软件服务,above_average,full_coverage_dimensional_v0.4
01119,IDREAMSKY,总分-75.25,护城河-79.09,技术壁垒-80.30,市场地位-76.55,商业质量-63.71,经营质量-48.45,行业前景-78.00,治理风险-69.80,软件服务,above_average,full_coverage_dimensional_v0.4
03601,LUDASHI,总分-75.25,护城河-78.69,技术壁垒-81.05,市场地位-75.75,商业质量-62.20,经营质量-52.72,行业前景-78.00,治理风险-68.26,软件服务,above_average,full_coverage_dimensional_v0.4
03896,KINGSOFT CLOUD,总分-75.25,护城河-81.47,技术壁垒-78.58,市场地位-76.07,商业质量-61.99,经营质量-46.68,行业前景-78.00,治理风险-70.85,软件服务,above_average,full_coverage_dimensional_v0.4
09857,LINMON MEDIA,总分-75.22,护城河-78.90,技术壁垒-81.14,市场地位-76.90,商业质量-65.70,经营质量-42.68,行业前景-78.00,治理风险-69.18,媒体及娱乐,above_average,full_coverage_dimensional_v0.4
06810,SUNMI TECH-W,总分-75.17,护城河-74.89,技术壁垒-81.48,市场地位-77.13,商业质量-69.88,经营质量-54.35,行业前景-78.00,治理风险-67.92,资讯科技器材,above_average,full_coverage_dimensional_v0.4
02660,ZENGAME,总分-75.16,护城河-72.68,技术壁垒-81.42,市场地位-81.40,商业质量-69.86,经营质量-55.16,行业前景-78.00,治理风险-67.49,软件服务,above_average,full_coverage_dimensional_v0.4
02512,CLOUD FACTORY,总分-75.15,护城河-78.29,技术壁垒-80.54,市场地位-74.17,商业质量-65.57,经营质量-52.93,行业前景-78.00,治理风险-69.51,软件服务,above_average,full_coverage_dimensional_v0.4
03991,CHANGHONG JH,总分-75.15,护城河-76.52,技术壁垒-80.75,市场地位-82.11,商业质量-62.62,经营质量-46.52,行业前景-78.00,治理风险-68.73,资讯科技器材,above_average,full_coverage_dimensional_v0.4
01060,DAMAI ENT,总分-75.12,护城河-73.62,技术壁垒-80.62,市场地位-83.90,商业质量-65.31,经营质量-52.41,行业前景-78.00,治理风险-68.70,媒体及娱乐,above_average,full_coverage_dimensional_v0.4
01501,INT MEDICAL,总分-75.12,护城河-73.80,技术壁垒-85.78,市场地位-78.06,商业质量-70.75,经营质量-56.76,行业前景-70.00,治理风险-67.86,其他医疗保健,above_average,full_coverage_dimensional_v0.4
03613,TONGRENTANGCM,总分-75.11,护城河-77.56,技术壁垒-85.21,市场地位-76.80,商业质量-63.28,经营质量-54.43,行业前景-70.00,治理风险-67.72,药品及生物科技,above_average,full_coverage_dimensional_v0.4
02279,YONGHE MEDICAL,总分-75.10,护城河-75.16,技术壁垒-84.75,市场地位-79.66,商业质量-65.78,经营质量-56.38,行业前景-70.00,治理风险-68.63,其他医疗保健,above_average,full_coverage_dimensional_v0.4
02157,LEPU BIO,总分-75.03,护城河-76.83,技术壁垒-84.86,市场地位-74.13,商业质量-71.91,经营质量-52.72,行业前景-70.00,治理风险-67.64,药品及生物科技,above_average,full_coverage_dimensional_v0.4
03347,TIGERMED,总分-75.02,护城河-77.95,技术壁垒-84.44,市场地位-75.53,商业质量-65.70,经营质量-51.80,行业前景-70.00,治理风险-69.78,药品及生物科技,above_average,full_coverage_dimensional_v0.4
01762,WANKA ONLINE,总分-75.00,护城河-73.71,技术壁垒-80.86,市场地位-82.79,商业质量-69.04,经营质量-46.73,行业前景-78.00,治理风险-68.65,媒体及娱乐,above_average,full_coverage_dimensional_v0.4
01873,VIVA BIOTECH,总分-75.00,护城河-77.82,技术壁垒-84.60,市场地位-76.67,商业质量-64.43,经营质量-51.71,行业前景-70.00,治理风险-68.57,药品及生物科技,above_average,full_coverage_dimensional_v0.4
02101,FULU HOLDINGS,总分-75.00,护城河-77.34,技术壁垒-80.97,市场地位-72.34,商业质量-68.90,经营质量-53.70,行业前景-78.00,治理风险-68.81,媒体及娱乐,above_average,full_coverage_dimensional_v0.4
00719,SHANDONG XINHUA,总分-74.98,护城河-78.42,技术壁垒-84.65,市场地位-77.23,商业质量-61.13,经营质量-50.00,行业前景-70.00,治理风险-70.00,药品及生物科技,above_average,full_coverage_dimensional_v0.4
02192,MEDLIVE,总分-74.97,护城河-76.44,技术壁垒-85.39,市场地位-74.83,商业质量-69.76,经营质量-52.11,行业前景-70.00,治理风险-68.15,其他医疗保健,above_average,full_coverage_dimensional_v0.4
02348,DAWNRAYS PHARMA,总分-74.96,护城河-77.23,技术壁垒-84.75,市场地位-74.84,商业质量-68.18,经营质量-52.82,行业前景-70.00,治理风险-68.17,药品及生物科技,above_average,full_coverage_dimensional_v0.4
01099,SINOPHARM,总分-74.93,护城河-80.93,技术壁垒-77.26,市场地位-87.37,商业质量-61.17,经营质量-43.69,行业前景-70.00,治理风险-69.66,药品及生物科技,above_average,full_coverage_dimensional_v0.4
06669,ACOTEC-B,总分-74.92,护城河-76.52,技术壁垒-85.36,市场地位-73.42,商业质量-69.97,经营质量-54.15,行业前景-70.00,治理风险-68.06,其他医疗保健,above_average,full_coverage_dimensional_v0.4
00020,SENSETIME-W,总分-74.89,护城河-80.87,技术壁垒-79.11,市场地位-74.09,商业质量-61.39,经营质量-46.63,行业前景-78.00,治理风险-71.01,软件服务,above_average,full_coverage_dimensional_v0.4
01612,VINCENT MED,总分-74.87,护城河-77.08,技术壁垒-84.72,市场地位-74.51,商业质量-67.90,经营质量-53.96,行业前景-70.00,治理风险-67.53,其他医疗保健,above_average,full_coverage_dimensional_v0.4
01050,KARRIE INT'L,总分-74.84,护城河-78.07,技术壁垒-80.56,市场地位-74.25,商业质量-64.77,经营质量-51.04,行业前景-78.00,治理风险-68.12,资讯科技器材,above_average,full_coverage_dimensional_v0.4
02661,QINGSONG HEALTH,总分-74.84,护城河-79.50,技术壁垒-78.00,市场地位-70.52,商业质量-57.94,经营质量-67.85,行业前景-78.00,治理风险-72.68,媒体及娱乐,above_average,full_coverage_dimensional_v0.4
01640,QIAN XUN TECH,总分-74.83,护城河-79.67,技术壁垒-79.34,市场地位-74.52,商业质量-67.43,经营质量-41.96,行业前景-78.00,治理风险-70.19,媒体及娱乐,above_average,full_coverage_dimensional_v0.4
09989,HEPALINK,总分-74.81,护城河-77.49,技术壁垒-84.68,市场地位-75.50,商业质量-64.38,经营质量-51.62,行业前景-70.00,治理风险-69.46,药品及生物科技,above_average,full_coverage_dimensional_v0.4
03759,PHARMARON,总分-74.79,护城河-75.01,技术壁垒-84.89,市场地位-80.80,商业质量-64.36,经营质量-49.87,行业前景-70.00,治理风险-69.38,药品及生物科技,above_average,full_coverage_dimensional_v0.4
06078,HYGEIA HEALTH,总分-74.75,护城河-73.20,技术壁垒-85.01,市场地位-84.30,商业质量-59.73,经营质量-54.75,行业前景-70.00,治理风险-69.83,其他医疗保健,above_average,full_coverage_dimensional_v0.4
03315,GOLDPAC GROUP,总分-74.72,护城河-78.23,技术壁垒-80.83,市场地位-74.85,商业质量-61.87,经营质量-48.80,行业前景-78.00,治理风险-69.07,软件服务,above_average,full_coverage_dimensional_v0.4
02436,LX TECHNOLOGY,总分-74.71,护城河-78.39,技术壁垒-80.49,市场地位-73.59,商业质量-60.69,经营质量-53.19,行业前景-78.00,治理风险-69.64,资讯科技器材,above_average,full_coverage_dimensional_v0.4
06929,ORBUSNEICH,总分-74.70,护城河-73.96,技术壁垒-85.23,市场地位-78.80,商业质量-69.23,经营质量-51.89,行业前景-70.00,治理风险-67.62,其他医疗保健,above_average,full_coverage_dimensional_v0.4
06051,YOUZAN,总分-74.64,护城河-72.42,技术壁垒-80.23,市场地位-80.34,商业质量-66.74,经营质量-58.16,行业前景-78.00,治理风险-68.54,软件服务,above_average,full_coverage_dimensional_v0.4
01745,LVJI TECH,总分-74.63,护城河-77.17,技术壁垒-80.73,市场地位-72.13,商业质量-67.00,经营质量-52.99,行业前景-78.00,治理风险-68.14,软件服务,above_average,full_coverage_dimensional_v0.4
06833,SINCO PHARMA,总分-74.61,护城河-78.35,技术壁垒-84.28,市场地位-76.33,商业质量-58.49,经营质量-52.29,行业前景-70.00,治理风险-69.01,药品及生物科技,above_average,full_coverage_dimensional_v0.4
02391,TUYA-W,总分-74.58,护城河-76.90,技术壁垒-81.31,市场地位-72.42,商业质量-67.92,经营质量-48.12,行业前景-78.00,治理风险-69.23,软件服务,above_average,full_coverage_dimensional_v0.4
02509,QYUNS-B,总分-74.55,护城河-72.70,技术壁垒-85.79,市场地位-74.07,商业质量-73.94,经营质量-58.13,行业前景-70.00,治理风险-67.16,药品及生物科技,above_average,full_coverage_dimensional_v0.4
06118,AUSTAR,总分-74.55,护城河-77.62,技术壁垒-84.52,市场地位-74.21,商业质量-62.83,经营质量-52.91,行业前景-70.00,治理风险-69.09,药品及生物科技,above_average,full_coverage_dimensional_v0.4
06821,ASYMCHEM,总分-74.54,护城河-74.02,技术壁垒-85.50,市场地位-77.70,商业质量-65.92,经营质量-53.24,行业前景-70.00,治理风险-69.21,药品及生物科技,above_average,full_coverage_dimensional_v0.4
01345,SH PIONEER HLDG,总分-74.46,护城河-77.29,技术壁垒-84.60,市场地位-74.47,商业质量-62.49,经营质量-53.59,行业前景-70.00,治理风险-67.85,药品及生物科技,above_average,full_coverage_dimensional_v0.4
02230,MEDIALINK GROUP,总分-74.41,护城河-77.09,技术壁垒-80.72,市场地位-72.24,商业质量-65.92,经营质量-51.06,行业前景-78.00,治理风险-68.01,媒体及娱乐,above_average,full_coverage_dimensional_v0.4
02486,PLUS GP HOLDING,总分-74.40,护城河-80.10,技术壁垒-73.45,市场地位-79.76,商业质量-60.30,经营质量-55.33,行业前景-78.00,治理风险-68.49,媒体及娱乐,above_average,full_coverage_dimensional_v0.4
01204,BOARDWARE INTEL,总分-74.38,护城河-77.23,技术壁垒-80.49,市场地位-70.80,商业质量-67.04,经营质量-51.44,行业前景-78.00,治理风险-69.31,软件服务,above_average,full_coverage_dimensional_v0.4
01993,ASIARAY,总分-74.37,护城河-79.07,技术壁垒-72.48,市场地位-76.76,商业质量-66.81,经营质量-60.97,行业前景-78.00,治理风险-69.39,媒体及娱乐,above_average,full_coverage_dimensional_v0.4
02498,ROBOSENSE,总分-74.36,护城河-79.88,技术壁垒-78.50,市场地位-72.97,商业质量-64.73,经营质量-43.44,行业前景-78.00,治理风险-70.49,软件服务,above_average,full_coverage_dimensional_v0.4
01666,TONG REN TANG,总分-74.33,护城河-72.48,技术壁垒-85.02,市场地位-82.26,商业质量-61.63,经营质量-54.39,行业前景-70.00,治理风险-68.65,药品及生物科技,above_average,full_coverage_dimensional_v0.4
01358,PW MEDTECH,总分-74.31,护城河-77.00,技术壁垒-84.50,市场地位-74.19,商业质量-63.43,经营质量-50.70,行业前景-70.00,治理风险-69.50,其他医疗保健,above_average,full_coverage_dimensional_v0.4
01147,EDENSOFT,总分-74.30,护城河-78.03,技术壁垒-80.20,市场地位-73.26,商业质量-59.34,经营质量-52.72,行业前景-78.00,治理风险-68.66,软件服务,above_average,full_coverage_dimensional_v0.4
03869,HOSPITAL CORP,总分-74.30,护城河-71.36,技术壁垒-85.65,市场地位-78.86,商业质量-65.32,经营质量-59.77,行业前景-70.00,治理风险-68.44,其他医疗保健,above_average,full_coverage_dimensional_v0.4
03773,YS DIGIFAVOR,总分-74.27,护城河-75.88,技术壁垒-80.93,市场地位-68.34,商业质量-71.46,经营质量-55.43,行业前景-78.00,治理风险-67.85,媒体及娱乐,above_average,full_coverage_dimensional_v0.4
01720,PUTIAN COMM,总分-74.25,护城河-77.25,技术壁垒-80.43,市场地位-70.77,商业质量-67.24,经营质量-49.49,行业前景-78.00,治理风险-68.93,资讯科技器材,above_average,full_coverage_dimensional_v0.4
02361,SINOHEALTH TECH,总分-74.23,护城河-75.91,技术壁垒-81.28,市场地位-69.24,商业质量-68.85,经营质量-54.80,行业前景-78.00,治理风险-67.57,软件服务,above_average,full_coverage_dimensional_v0.4
01132,ORANGE SKY G H,总分-74.22,护城河-74.21,技术壁垒-80.66,市场地位-75.59,商业质量-66.18,经营质量-52.81,行业前景-78.00,治理风险-68.54,媒体及娱乐,above_average,full_coverage_dimensional_v0.4
02190,ZYLOXTB,总分-74.19,护城河-70.72,技术壁垒-85.62,市场地位-78.03,商业质量-71.97,经营质量-54.74,行业前景-70.00,治理风险-67.96,其他医疗保健,above_average,full_coverage_dimensional_v0.4
02313,SHENZHOU INTL,总分-74.17,护城河-89.49,技术壁垒-54.84,市场地位-89.10,商业质量-76.85,经营质量-57.96,行业前景-70.00,治理风险-67.55,纺织及服饰,above_average,full_coverage_dimensional_v0.4
09678,UNISOUND,总分-74.15,护城河-78.82,技术壁垒-78.08,市场地位-69.37,商业质量-62.49,经营质量-56.17,行业前景-78.00,治理风险-72.35,软件服务,above_average,full_coverage_dimensional_v0.4
02495,VOICECOMM,总分-74.14,护城河-71.56,技术壁垒-81.92,市场地位-77.69,商业质量-64.43,经营质量-56.93,行业前景-78.00,治理风险-68.01,软件服务,above_average,full_coverage_dimensional_v0.4
02718,MININGLAMP-W,总分-74.13,护城河-79.35,技术壁垒-78.00,市场地位-69.66,商业质量-51.53,经营质量-66.91,行业前景-78.00,治理风险-73.00,软件服务,above_average,full_coverage_dimensional_v0.4
02289,CHARMACY PHAR,总分-74.12,护城河-79.21,技术壁垒-77.23,市场地位-78.90,商业质量-61.74,经营质量-57.71,行业前景-70.00,治理风险-69.30,药品及生物科技,above_average,full_coverage_dimensional_v0.4
01548,GENSCRIPT BIO,总分-74.10,护城河-79.61,技术壁垒-82.19,市场地位-72.86,商业质量-58.63,经营质量-52.02,行业前景-70.00,治理风险-71.27,药品及生物科技,above_average,full_coverage_dimensional_v0.4
03268,MEIG,总分-74.08,护城河-77.57,技术壁垒-80.82,市场地位-72.48,商业质量-64.07,经营质量-43.36,行业前景-78.00,治理风险-69.44,资讯科技器材,above_average,full_coverage_dimensional_v0.4
08368,CREATIVE CHINA,总分-74.07,护城河-75.71,技术壁垒-81.00,市场地位-68.48,商业质量-71.89,经营质量-51.96,行业前景-78.00,治理风险-67.53,媒体及娱乐,above_average,full_coverage_dimensional_v0.4
02121,AINNOVATION,总分-74.04,护城河-79.62,技术壁垒-78.42,市场地位-71.75,商业质量-62.77,经营质量-43.95,行业前景-78.00,治理风险-71.66,软件服务,above_average,full_coverage_dimensional_v0.4
02008,PHOENIX TV,总分-74.03,护城河-80.02,技术壁垒-78.17,市场地位-72.17,商业质量-59.53,经营质量-47.36,行业前景-78.00,治理风险-70.66,媒体及娱乐,above_average,full_coverage_dimensional_v0.4
01526,RICI HEALTH,总分-73.95,护城河-75.80,技术壁垒-76.94,市场地位-84.05,商业质量-65.25,经营质量-56.38,行业前景-70.00,治理风险-68.25,其他医疗保健,above_average,full_coverage_dimensional_v0.4
01739,QEEKA HOME,总分-73.95,护城河-79.16,技术壁垒-78.97,市场地位-70.90,商业质量-64.34,经营质量-43.34,行业前景-78.00,治理风险-70.72,媒体及娱乐,above_average,full_coverage_dimensional_v0.4
00595,AV CONCEPT HOLD,总分-73.93,护城河-74.79,技术壁垒-86.43,市场地位-74.71,商业质量-57.97,经营质量-49.56,行业前景-72.00,治理风险-68.33,半导体,above_average,full_coverage_dimensional_v0.4
01931,ETHK LABS INC.,总分-73.92,护城河-75.88,技术壁垒-84.14,市场地位-80.91,商业质量-56.74,经营质量-43.24,行业前景-70.00,治理风险-70.36,其他医疗保健,above_average,full_coverage_dimensional_v0.4
01686,SUNEVISION,总分-73.91,护城河-68.22,技术壁垒-81.07,市场地位-80.26,商业质量-69.38,经营质量-58.56,行业前景-78.00,治理风险-68.82,软件服务,above_average,full_coverage_dimensional_v0.4
00780,TONGCHENGTRAVEL,总分-73.90,护城河-89.47,技术壁垒-54.79,市场地位-88.89,商业质量-76.55,经营质量-54.07,行业前景-70.00,治理风险-68.06,酒店、赌场及消闲设施,above_average,full_coverage_dimensional_v0.4
00874,BAIYUNSHAN PH,总分-73.87,护城河-69.60,技术壁垒-85.60,市场地位-86.84,商业质量-63.18,经营质量-44.78,行业前景-70.00,治理风险-68.97,药品及生物科技,above_average,full_coverage_dimensional_v0.4
06696,MANY IDEA CLOUD,总分-73.87,护城河-79.33,技术壁垒-78.07,市场地位-71.48,商业质量-63.27,经营质量-44.43,行业前景-78.00,治理风险-71.09,媒体及娱乐,above_average,full_coverage_dimensional_v0.4
06682,PHANCY,总分-73.85,护城河-74.27,技术壁垒-79.11,市场地位-79.01,商业质量-65.79,经营质量-43.65,行业前景-78.00,治理风险-70.08,软件服务,above_average,full_coverage_dimensional_v0.4
06826,HAOHAI BIOTEC,总分-73.83,护城河-76.28,技术壁垒-85.17,市场地位-71.60,商业质量-63.12,经营质量-49.12,行业前景-70.00,治理风险-70.12,其他医疗保健,above_average,full_coverage_dimensional_v0.4
06188,BJ DIGITAL,总分-73.79,护城河-76.20,技术壁垒-78.00,市场地位-71.95,商业质量-56.08,经营质量-65.12,行业前景-78.00,治理风险-72.39,资讯科技器材,above_average,full_coverage_dimensional_v0.4
02550,EASOU TECH,总分-73.77,护城河-71.81,技术壁垒-81.10,市场地位-76.76,商业质量-69.83,经营质量-47.42,行业前景-78.00,治理风险-68.27,媒体及娱乐,above_average,full_coverage_dimensional_v0.4
02899,ZIJIN MINING,总分-73.76,护城河-78.00,技术壁垒-77.25,市场地位-89.00,商业质量-56.32,经营质量-53.50,行业前景-64.00,治理风险-70.75,黄金及贵金属,above_average,full_coverage_dimensional_v0.4
01022,FEIYU,总分-73.74,护城河-70.76,技术壁垒-80.86,市场地位-74.75,商业质量-72.15,经营质量-55.35,行业前景-78.00,治理风险-67.41,软件服务,above_average,full_coverage_dimensional_v0.4
02331,LI NING,总分-73.74,护城河-89.29,技术壁垒-54.52,市场地位-88.17,商业质量-76.70,经营质量-54.68,行业前景-70.00,治理风险-68.16,纺织及服饰,above_average,full_coverage_dimensional_v0.4
02587,HEALTHYWAY INC,总分-73.74,护城河-71.60,技术壁垒-84.46,市场地位-77.90,商业质量-67.79,经营质量-53.76,行业前景-70.00,治理风险-67.77,其他医疗保健,above_average,full_coverage_dimensional_v0.4
01284,NEW MEDIA LAB,总分-73.72,护城河-76.31,技术壁垒-80.69,市场地位-68.93,商业质量-64.31,经营质量-53.23,行业前景-78.00,治理风险-67.96,媒体及娱乐,above_average,full_coverage_dimensional_v0.4
00314,SIPAI HEALTH,总分-73.71,护城河-78.28,技术壁垒-83.27,市场地位-72.96,商业质量-58.61,经营质量-47.67,行业前景-70.00,治理风险-70.66,药品及生物科技,above_average,full_coverage_dimensional_v0.4
02315,BIOCYTOGEN-B,总分-73.71,护城河-75.24,技术壁垒-84.94,市场地位-68.49,商业质量-69.89,经营质量-52.68,行业前景-70.00,治理风险-68.69,药品及生物科技,above_average,full_coverage_dimensional_v0.4
09860,ADICON HOLDINGS,总分-73.68,护城河-79.64,技术壁垒-76.24,市场地位-79.47,商业质量-60.84,经营质量-51.14,行业前景-70.00,治理风险-70.41,其他医疗保健,above_average,full_coverage_dimensional_v0.4
01300,TRIGIANT,总分-73.67,护城河-71.56,技术壁垒-80.62,市场地位-75.82,商业质量-68.84,经营质量-51.62,行业前景-78.00,治理风险-69.03,资讯科技器材,above_average,full_coverage_dimensional_v0.4
02726,EPIWORLD,总分-73.66,护城河-74.43,技术壁垒-86.29,市场地位-72.00,商业质量-58.12,经营质量-51.84,行业前景-72.00,治理风险-69.89,半导体,above_average,full_coverage_dimensional_v0.4
06110,TOPSPORTS,总分-73.66,护城河-89.67,技术壁垒-54.73,市场地位-89.67,商业质量-72.77,经营质量-52.86,行业前景-70.00,治理风险-67.86,纺织、服饰及个人护理,above_average,full_coverage_dimensional_v0.4
01061,ESSEX BIO-TECH,总分-73.62,护城河-70.69,技术壁垒-85.28,市场地位-76.70,商业质量-66.15,经营质量-57.89,行业前景-70.00,治理风险-67.60,药品及生物科技,above_average,full_coverage_dimensional_v0.4
02729,GALAXIS TECH,总分-73.62,护城河-78.09,技术壁垒-78.45,市场地位-67.81,商业质量-61.89,经营质量-54.59,行业前景-78.00,治理风险-71.38,软件服务,above_average,full_coverage_dimensional_v0.4
06127,JOINN,总分-73.60,护城河-74.97,技术壁垒-85.05,市场地位-68.78,商业质量-69.88,经营质量-50.90,行业前景-70.00,治理风险-68.77,药品及生物科技,above_average,full_coverage_dimensional_v0.4
02581,BENQ HOLDING,总分-73.59,护城河-75.72,技术壁垒-77.30,市场地位-81.90,商业质量-63.52,经营质量-55.53,行业前景-70.00,治理风险-69.21,其他医疗保健,above_average,full_coverage_dimensional_v0.4
00030,YNBY INTL,总分-73.58,护城河-77.48,技术壁垒-83.63,市场地位-72.08,商业质量-63.00,经营质量-44.51,行业前景-70.00,治理风险-70.22,其他医疗保健,above_average,full_coverage_dimensional_v0.4
02571,SAIMO,总分-73.58,护城河-75.11,技术壁垒-81.50,市场地位-66.30,商业质量-67.78,经营质量-54.86,行业前景-78.00,治理风险-67.81,软件服务,above_average,full_coverage_dimensional_v0.4
02637,HAIXI PHARMA,总分-73.56,护城河-71.77,技术壁垒-85.95,市场地位-70.52,商业质量-71.29,经营质量-56.90,行业前景-70.00,治理风险-67.36,药品及生物科技,above_average,full_coverage_dimensional_v0.4
01985,MICROWARE,总分-73.54,护城河-77.03,技术壁垒-80.28,市场地位-69.69,商业质量-60.86,经营质量-49.49,行业前景-78.00,治理风险-69.84,软件服务,above_average,full_coverage_dimensional_v0.4
00082,CRAZY SPORTS,总分-73.53,护城河-76.91,技术壁垒-80.21,市场地位-68.55,商业质量-60.81,经营质量-52.94,行业前景-78.00,治理风险-69.81,媒体及娱乐,above_average,full_coverage_dimensional_v0.4
09919,ACTIVATION GP,总分-73.51,护城河-78.64,技术壁垒-73.21,市场地位-77.31,商业质量-62.91,经营质量-51.67,行业前景-78.00,治理风险-67.42,媒体及娱乐,above_average,full_coverage_dimensional_v0.4
02609,BAYZED HEALTH,总分-73.50,护城河-77.88,技术壁垒-83.15,市场地位-71.47,商业质量-58.83,经营质量-49.47,行业前景-70.00,治理风险-70.89,其他医疗保健,above_average,full_coverage_dimensional_v0.4
01609,STAR SPORTS MED,总分-73.49,护城河-71.40,技术壁垒-86.00,市场地位-70.67,商业质量-70.50,经营质量-58.29,行业前景-70.00,治理风险-67.19,其他医疗保健,above_average,full_coverage_dimensional_v0.4
02020,ANTA SPORTS,总分-73.48,护城河-85.80,技术壁垒-54.88,市场地位-90.31,商业质量-78.06,经营质量-59.18,行业前景-70.00,治理风险-67.43,纺织及服饰,above_average,full_coverage_dimensional_v0.4
01410,EDVANCE INTL,总分-73.47,护城河-75.58,技术壁垒-80.65,市场地位-66.96,商业质量-64.05,经营质量-57.21,行业前景-78.00,治理风险-68.38,软件服务,above_average,full_coverage_dimensional_v0.4
01951,JXR,总分-73.47,护城河-78.62,技术壁垒-83.06,市场地位-70.47,商业质量-57.54,经营质量-50.22,行业前景-70.00,治理风险-70.74,药品及生物科技,above_average,full_coverage_dimensional_v0.4
06609,HEARTCARE-B,总分-73.42,护城河-71.48,技术壁垒-85.90,市场地位-69.65,商业质量-72.18,经营质量-56.31,行业前景-70.00,治理风险-68.10,其他医疗保健,above_average,full_coverage_dimensional_v0.4
01351,BRIGHT FUTURE,总分-73.41,护城河-79.24,技术壁垒-78.62,市场地位-71.34,商业质量-57.13,经营质量-42.79,行业前景-78.00,治理风险-71.83,媒体及娱乐,above_average,full_coverage_dimensional_v0.4
00383,TIANAN MEDICARE,总分-73.38,护城河-78.28,技术壁垒-82.96,市场地位-72.01,商业质量-56.26,经营质量-48.45,行业前景-70.00,治理风险-70.98,其他医疗保健,above_average,full_coverage_dimensional_v0.4
02159,MEDIWELCOME,总分-73.38,护城河-75.80,技术壁垒-84.37,市场地位-68.14,商业质量-67.24,经营质量-51.36,行业前景-70.00,治理风险-68.49,其他医疗保健,above_average,full_coverage_dimensional_v0.4
01385,SHANGHAI FUDAN,总分-73.37,护城河-68.14,技术壁垒-86.86,市场地位-77.86,商业质量-62.56,经营质量-55.04,行业前景-72.00,治理风险-69.22,半导体,above_average,full_coverage_dimensional_v0.4
09611,LONGCHEER,总分-73.36,护城河-73.00,技术壁垒-88.00,市场地位-68.00,商业质量-58.00,经营质量-56.00,行业前景-72.00,治理风险-70.00,IT Hardware,above_average,full_coverage_dimensional_v0.4
01105,SING TAO,总分-73.33,护城河-78.38,技术壁垒-78.76,市场地位-68.62,商业质量-59.41,经营质量-49.22,行业前景-78.00,治理风险-70.77,媒体及娱乐,above_average,full_coverage_dimensional_v0.4
01206,TECHNOVATOR,总分-73.33,护城河-79.48,技术壁垒-78.34,市场地位-70.67,商业质量-52.79,经营质量-49.08,行业前景-78.00,治理风险-71.62,软件服务,above_average,full_coverage_dimensional_v0.4
00926,BESUNYEN,总分-73.32,护城河-75.96,技术壁垒-84.85,市场地位-69.45,商业质量-63.87,经营质量-48.71,行业前景-70.00,治理风险-68.92,其他医疗保健,above_average,full_coverage_dimensional_v0.4
02161,JBM HEALTHCARE,总分-73.32,护城河-75.17,技术壁垒-84.70,市场地位-68.38,商业质量-66.37,经营质量-52.98,行业前景-70.00,治理风险-68.01,药品及生物科技,above_average,full_coverage_dimensional_v0.4
01952,EVEREST MED,总分-73.30,护城河-77.75,技术壁垒-82.48,市场地位-69.49,商业质量-65.15,经营质量-46.01,行业前景-70.00,治理风险-70.54,药品及生物科技,above_average,full_coverage_dimensional_v0.4
01361,361 DEGREES,总分-73.29,护城河-88.59,技术壁垒-54.43,市场地位-85.59,商业质量-78.35,经营质量-55.06,行业前景-70.00,治理风险-67.86,纺织及服饰,above_average,full_coverage_dimensional_v0.4
02552,HUA MEDICINE-B,总分-73.26,护城河-71.37,技术壁垒-85.66,市场地位-71.48,商业质量-71.69,经营质量-52.64,行业前景-70.00,治理风险-67.00,药品及生物科技,above_average,full_coverage_dimensional_v0.4
00135,KUNLUN ENERGY,总分-73.25,护城河-94.00,技术壁垒-51.52,市场地位-91.04,商业质量-70.11,经营质量-57.56,行业前景-62.00,治理风险-67.90,公用事业,above_average,full_coverage_dimensional_v0.4
01846,EUROEYES,总分-73.24,护城河-72.76,技术壁垒-84.78,市场地位-72.46,商业质量-65.24,经营质量-53.71,行业前景-70.00,治理风险-68.97,其他医疗保健,above_average,full_coverage_dimensional_v0.4
02256,ABBISKO-B,总分-73.23,护城河-75.90,技术壁垒-84.57,市场地位-69.86,商业质量-61.58,经营质量-50.78,行业前景-70.00,治理风险-68.73,药品及生物科技,above_average,full_coverage_dimensional_v0.4
00150,HYPEBEAST,总分-73.22,护城河-76.74,技术壁垒-80.41,市场地位-69.72,商业质量-62.73,经营质量-43.13,行业前景-78.00,治理风险-69.12,媒体及娱乐,above_average,full_coverage_dimensional_v0.4
06990,SKB BIO,总分-73.22,护城河-78.22,技术壁垒-82.21,市场地位-70.15,商业质量-63.96,经营质量-43.24,行业前景-70.00,治理风险-70.87,药品及生物科技,above_average,full_coverage_dimensional_v0.4
06687,JST GROUP,总分-73.21,护城河-77.00,技术壁垒-78.80,市场地位-69.00,商业质量-62.00,经营质量-50.00,行业前景-78.00,治理风险-70.00,Software & Services,above_average,full_coverage_dimensional_v0.4
01304,FORTIOR,总分-73.19,护城河-71.57,技术壁垒-87.86,市场地位-66.57,商业质量-66.70,经营质量-53.08,行业前景-72.00,治理风险-69.00,半导体,above_average,full_coverage_dimensional_v0.4
03737,ZHONGZHIPHARM,总分-73.16,护城河-73.89,技术壁垒-84.36,市场地位-74.79,商业质量-58.37,经营质量-51.79,行业前景-70.00,治理风险-69.54,药品及生物科技,above_average,full_coverage_dimensional_v0.4
09959,LINKLOGIS-W,总分-73.15,护城河-78.42,技术壁垒-78.61,市场地位-67.78,商业质量-57.44,经营质量-50.96,行业前景-78.00,治理风险-71.05,软件服务,above_average,full_coverage_dimensional_v0.4
06639,ARRAIL GROUP,总分-73.14,护城河-71.92,技术壁垒-84.40,市场地位-77.84,商业质量-59.13,经营质量-51.66,行业前景-70.00,治理风险-70.31,其他医疗保健,above_average,full_coverage_dimensional_v0.4
09926,AKESO,总分-73.13,护城河-78.75,技术壁垒-82.32,市场地位-70.76,商业质量-60.22,经营质量-42.26,行业前景-70.00,治理风险-70.99,药品及生物科技,above_average,full_coverage_dimensional_v0.4
00623,SINOMEDIA,总分-73.10,护城河-77.95,技术壁垒-73.41,市场地位-75.48,商业质量-63.85,经营质量-49.40,行业前景-78.00,治理风险-68.22,媒体及娱乐,above_average,full_coverage_dimensional_v0.4
01368,XTEP INT'L,总分-73.10,护城河-88.69,技术壁垒-54.31,市场地位-85.99,商业质量-74.78,经营质量-55.55,行业前景-70.00,治理风险-68.04,纺织及服饰,above_average,full_coverage_dimensional_v0.4
03886,TOWN HEALTH,总分-73.10,护城河-78.68,技术壁垒-75.70,市场地位-76.40,商业质量-61.94,经营质量-53.64,行业前景-70.00,治理风险-70.46,其他医疗保健,above_average,full_coverage_dimensional_v0.4
02232,CRYSTAL INTL,总分-73.07,护城河-88.89,技术壁垒-54.35,市场地位-86.68,商业质量-72.57,经营质量-55.62,行业前景-70.00,治理风险-67.67,纺织及服饰,above_average,full_coverage_dimensional_v0.4
00002,CLP HOLDINGS,总分-73.05,护城河-93.20,技术壁垒-51.89,市场地位-89.60,商业质量-73.91,经营质量-55.39,行业前景-62.00,治理风险-67.41,公用事业,above_average,full_coverage_dimensional_v0.4
02186,LUYE PHARMA,总分-73.04,护城河-76.00,技术壁垒-83.33,市场地位-68.75,商业质量-66.00,经营质量-46.67,行业前景-70.00,治理风险-71.00,医疗保健,above_average,full_coverage_dimensional_v0.4
03696,INSILICO,总分-73.03,护城河-76.00,技术壁垒-84.00,市场地位-68.75,商业质量-62.00,经营质量-50.00,行业前景-70.00,治理风险-70.00,Health Care,above_average,full_coverage_dimensional_v0.4
08017,TRADEGO,总分-73.00,护城河-74.78,技术壁垒-80.97,市场地位-65.29,商业质量-67.53,经营质量-52.32,行业前景-78.00,治理风险-67.16,软件服务,above_average,full_coverage_dimensional_v0.4
01037,MAXNERVA TECH,总分-72.99,护城河-77.30,技术壁垒-79.54,市场地位-68.36,商业质量-61.48,经营质量-43.74,行业前景-78.00,治理风险-70.36,软件服务,above_average,full_coverage_dimensional_v0.4
00941,CHINA MOBILE,总分-72.94,护城河-93.50,技术壁垒-51.80,市场地位-90.00,商业质量-75.91,经营质量-45.86,行业前景-62.00,治理风险-70.47,电讯,above_average,full_coverage_dimensional_v0.4
09960,KINDSTAR GLOBAL,总分-72.94,护城河-77.40,技术壁垒-82.61,市场地位-68.59,商业质量-61.00,经营质量-48.23,行业前景-70.00,治理风险-71.08,其他医疗保健,above_average,full_coverage_dimensional_v0.4
00529,SIS INT'L,总分-72.89,护城河-68.87,技术壁垒-80.89,市场地位-79.10,商业质量-60.20,经营质量-53.38,行业前景-78.00,治理风险-69.75,资讯科技器材,above_average,full_coverage_dimensional_v0.4
01163,ADTIGER CORP,总分-72.89,护城河-70.52,技术壁垒-80.55,市场地位-72.00,商业质量-68.00,经营质量-53.54,行业前景-78.00,治理风险-69.34,媒体及娱乐,above_average,full_coverage_dimensional_v0.4
02392,XUANWU CLOUD,总分-72.89,护城河-77.63,技术壁垒-78.85,市场地位-68.02,商业质量-56.01,经营质量-50.32,行业前景-78.00,治理风险-71.50,软件服务,above_average,full_coverage_dimensional_v0.4
01521,FRONTAGE,总分-72.87,护城河-71.09,技术壁垒-84.38,市场地位-75.82,商业质量-63.16,经营质量-51.39,行业前景-70.00,治理风险-69.34,药品及生物科技,above_average,full_coverage_dimensional_v0.4
01753,DUIBA,总分-72.87,护城河-78.21,技术壁垒-78.59,市场地位-67.72,商业质量-54.53,经营质量-51.52,行业前景-78.00,治理风险-70.93,媒体及娱乐,above_average,full_coverage_dimensional_v0.4
09990,ARCHOSAUR GAMES,总分-72.86,护城河-75.02,技术壁垒-79.11,市场地位-72.15,商业质量-61.09,经营质量-45.73,行业前景-78.00,治理风险-70.28,软件服务,above_average,full_coverage_dimensional_v0.4
02325,YUNKANG GROUP,总分-72.85,护城河-75.83,技术壁垒-84.09,市场地位-68.56,商业质量-61.30,经营质量-48.97,行业前景-70.00,治理风险-69.86,药品及生物科技,above_average,full_coverage_dimensional_v0.4
06113,BITSTRAT HLDGS,总分-72.83,护城河-76.14,技术壁垒-79.62,市场地位-66.38,商业质量-61.71,经营质量-50.44,行业前景-78.00,治理风险-70.45,媒体及娱乐,above_average,full_coverage_dimensional_v0.4
09606,DUALITYBIO-B,总分-72.83,护城河-78.15,技术壁垒-82.00,市场地位-68.86,商业质量-55.10,经营质量-50.72,行业前景-70.00,治理风险-72.88,药品及生物科技,above_average,full_coverage_dimensional_v0.4
01161,WATER OASIS GP,总分-72.82,护城河-77.24,技术壁垒-76.66,市场地位-74.29,商业质量-62.94,经营质量-57.61,行业前景-70.00,治理风险-68.34,其他医疗保健,above_average,full_coverage_dimensional_v0.4
09955,CLOUDR,总分-72.81,护城河-78.84,技术壁垒-82.00,市场地位-70.70,商业质量-52.49,经营质量-46.31,行业前景-70.00,治理风险-72.95,其他医疗保健,above_average,full_coverage_dimensional_v0.4
02167,TI CLOUD,总分-72.79,护城河-69.77,技术壁垒-81.44,市场地位-71.17,商业质量-68.03,经营质量-55.39,行业前景-78.00,治理风险-67.69,软件服务,above_average,full_coverage_dimensional_v0.4
09880,UBTECH ROBOTICS,总分-72.79,护城河-75.95,技术壁垒-78.21,市场地位-71.89,商业质量-61.87,经营质量-42.17,行业前景-78.00,治理风险-71.46,软件服务,above_average,full_coverage_dimensional_v0.4
00072,META MEDIA,总分-72.74,护城河-77.60,技术壁垒-78.69,市场地位-67.28,商业质量-61.02,经营质量-44.18,行业前景-78.00,治理风险-70.98,媒体及娱乐,above_average,full_coverage_dimensional_v0.4
01085,HXTL,总分-72.74,护城河-78.23,技术壁垒-78.66,市场地位-68.21,商业质量-58.71,经营质量-42.46,行业前景-78.00,治理风险-70.66,资讯科技器材,above_average,full_coverage_dimensional_v0.4
02100,BAIOO,总分-72.73,护城河-77.10,技术壁垒-79.40,市场地位-65.74,商业质量-59.76,经营质量-48.86,行业前景-78.00,治理风险-70.81,软件服务,above_average,full_coverage_dimensional_v0.4
00418,FOUNDER HOLD,总分-72.72,护城河-70.89,技术壁垒-80.65,市场地位-73.61,商业质量-63.65,经营质量-51.09,行业前景-78.00,治理风险-68.91,软件服务,above_average,full_coverage_dimensional_v0.4
02878,SOLOMON SYSTECH,总分-72.71,护城河-73.71,技术壁垒-86.00,市场地位-70.86,商业质量-55.01,经营质量-48.59,行业前景-72.00,治理风险-68.56,半导体,above_average,full_coverage_dimensional_v0.4
06896,GOLDEN THROAT,总分-72.71,护城河-69.89,技术壁垒-85.13,市场地位-74.23,商业质量-64.76,经营质量-54.81,行业前景-70.00,治理风险-67.44,药品及生物科技,above_average,full_coverage_dimensional_v0.4
01808,ENTERPRISE DEV,总分-72.70,护城河-69.61,技术壁垒-73.60,市场地位-83.60,商业质量-69.99,经营质量-54.77,行业前景-78.00,治理风险-67.32,软件服务,above_average,full_coverage_dimensional_v0.4
08066,PHOENITRON HOLD,总分-72.70,护城河-74.95,技术壁垒-80.30,市场地位-63.75,商业质量-68.86,经营质量-50.97,行业前景-78.00,治理风险-67.20,资讯科技器材,above_average,full_coverage_dimensional_v0.4
01274,IMOTIONTECH,总分-72.68,护城河-78.49,技术壁垒-78.19,市场地位-68.13,商业质量-57.81,经营质量-41.82,行业前景-78.00,治理风险-72.39,软件服务,above_average,full_coverage_dimensional_v0.4
08446,BRIGHTSTAR TECH,总分-72.67,护城河-71.79,技术壁垒-80.76,市场地位-67.79,商业质量-66.99,经营质量-55.64,行业前景-78.00,治理风险-67.90,媒体及娱乐,above_average,full_coverage_dimensional_v0.4
02577,INNOSCIENCE,总分-72.66,护城河-75.86,技术壁垒-84.14,市场地位-70.43,商业质量-55.80,经营质量-42.09,行业前景-72.00,治理风险-71.67,半导体,above_average,full_coverage_dimensional_v0.4
08106,XINHUA LANDE,总分-72.66,护城河-74.98,技术壁垒-80.15,市场地位-63.70,商业质量-67.07,经营质量-50.92,行业前景-78.00,治理风险-69.55,软件服务,above_average,full_coverage_dimensional_v0.4
02687,ABLE DIGITAL,总分-72.65,护城河-67.36,技术壁垒-81.79,市场地位-76.89,商业质量-69.74,经营质量-47.44,行业前景-78.00,治理风险-67.53,软件服务,above_average,full_coverage_dimensional_v0.4
00100,MINIMAX-W,总分-72.60,护城河-76.83,技术壁垒-78.03,市场地位-62.54,商业质量-56.08,经营质量-63.69,行业前景-78.00,治理风险-72.96,软件服务,above_average,full_coverage_dimensional_v0.4
00772,CHINA LIT,总分-72.60,护城河-81.14,技术壁垒-70.14,市场地位-74.59,商业质量-60.52,经营质量-43.54,行业前景-78.00,治理风险-70.50,媒体及娱乐,above_average,full_coverage_dimensional_v0.4
00836,CHINA RES POWER,总分-72.58,护城河-89.60,技术壁垒-51.73,市场地位-90.88,商业质量-75.99,经营质量-58.80,行业前景-62.00,治理风险-67.82,公用事业,above_average,full_coverage_dimensional_v0.4
00950,LEE'S PHARM,总分-72.57,护城河-70.36,技术壁垒-84.81,市场地位-74.10,商业质量-60.95,经营质量-55.84,行业前景-70.00,治理风险-68.61,药品及生物科技,above_average,full_coverage_dimensional_v0.4
08082,QINGHUA HOLD,总分-72.57,护城河-75.45,技术壁垒-79.48,市场地位-60.83,商业质量-59.45,经营质量-63.32,行业前景-78.00,治理风险-72.89,媒体及娱乐,above_average,full_coverage_dimensional_v0.4
02013,WEIMOB INC,总分-72.55,护城河-72.75,技术壁垒-79.06,市场地位-72.21,商业质量-64.36,经营质量-46.62,行业前景-78.00,治理风险-70.57,软件服务,above_average,full_coverage_dimensional_v0.4
00392,BEIJING ENT,总分-72.54,护城河-93.33,技术壁垒-51.95,市场地位-88.85,商业质量-74.50,经营质量-45.79,行业前景-62.00,治理风险-68.56,公用事业,above_average,full_coverage_dimensional_v0.4
00722,UMP,总分-72.50,护城河-74.92,技术壁垒-84.08,市场地位-66.06,商业质量-63.51,经营质量-50.50,行业前景-70.00,治理风险-69.74,其他医疗保健,above_average,full_coverage_dimensional_v0.4
06667,MEGA GENOMICS,总分-72.50,护城河-74.51,技术壁垒-84.75,市场地位-65.41,商业质量-66.83,经营质量-48.04,行业前景-70.00,治理风险-68.45,药品及生物科技,above_average,full_coverage_dimensional_v0.4
02531,CARLINK TECH,总分-72.47,护城河-70.36,技术壁垒-80.86,市场地位-71.89,商业质量-63.90,经营质量-52.28,行业前景-78.00,治理风险-68.86,软件服务,above_average,full_coverage_dimensional_v0.4
06133,VITAL INNO,总分-72.46,护城河-77.08,技术壁垒-79.18,市场地位-65.98,商业质量-57.36,经营质量-47.67,行业前景-78.00,治理风险-71.07,资讯科技器材,above_average,full_coverage_dimensional_v0.4
00318,VONGROUP,总分-72.41,护城河-73.00,技术壁垒-80.00,市场地位-69.00,商业质量-62.32,经营质量-50.00,行业前景-78.00,治理风险-70.00,软件服务,above_average,full_coverage_dimensional_v0.4
02138,EC HEALTHCARE,总分-72.39,护城河-79.00,技术壁垒-75.25,市场地位-74.89,商业质量-58.80,经营质量-49.57,行业前景-70.00,治理风险-70.74,其他医疗保健,above_average,full_coverage_dimensional_v0.4
01858,CHUNLI MEDICAL,总分-72.37,护城河-74.28,技术壁垒-84.82,市场地位-65.90,商业质量-66.70,经营质量-44.54,行业前景-70.00,治理风险-69.69,其他医疗保健,above_average,full_coverage_dimensional_v0.4
02111,BEST PACIFIC,总分-72.36,护城河-88.08,技术壁垒-54.27,市场地位-83.32,商业质量-71.48,经营质量-56.81,行业前景-70.00,治理风险-67.98,纺织及服饰,above_average,full_coverage_dimensional_v0.4
02235,MICROTECH MED-B,总分-72.34,护城河-69.60,技术壁垒-84.62,市场地位-71.82,商业质量-69.72,经营质量-48.86,行业前景-70.00,治理风险-69.59,其他医疗保健,above_average,full_coverage_dimensional_v0.4
09669,BEISEN HOLDING,总分-72.33,护城河-76.50,技术壁垒-79.35,市场地位-66.06,商业质量-59.92,经营质量-44.83,行业前景-78.00,治理风险-70.20,软件服务,above_average,full_coverage_dimensional_v0.4
09969,INNOCARE,总分-72.31,护城河-71.44,技术壁垒-84.44,市场地位-69.20,商业质量-68.20,经营质量-48.81,行业前景-70.00,治理风险-69.50,药品及生物科技,above_average,full_coverage_dimensional_v0.4
02533,BLACK SESAME,总分-72.30,护城河-77.89,技术壁垒-78.16,市场地位-65.98,商业质量-59.74,经营质量-40.47,行业前景-78.00,治理风险-72.80,软件服务,above_average,full_coverage_dimensional_v0.4
01875,BIODLINK-B,总分-72.29,护城河-76.50,技术壁垒-83.48,市场地位-68.35,商业质量-54.84,经营质量-47.17,行业前景-70.00,治理风险-70.83,药品及生物科技,above_average,full_coverage_dimensional_v0.4
00068,MANYCORE TECH,总分-72.28,护城河-73.83,技术壁垒-78.29,市场地位-66.19,商业质量-58.62,经营质量-59.55,行业前景-78.00,治理风险-72.88,软件服务,above_average,full_coverage_dimensional_v0.4
02415,MEDSCI,总分-72.25,护城河-74.68,技术壁垒-84.24,市场地位-65.58,商业质量-64.18,经营质量-46.92,行业前景-70.00,治理风险-69.93,其他医疗保健,above_average,full_coverage_dimensional_v0.4
00501,OMNIVISION,总分-72.24,护城河-69.00,技术壁垒-88.00,市场地位-68.00,商业质量-58.00,经营质量-56.00,行业前景-72.00,治理风险-70.00,Semiconductors,above_average,full_coverage_dimensional_v0.4
01991,TA YANG GROUP,总分-72.23,护城河-76.83,技术壁垒-78.79,市场地位-66.76,商业质量-60.51,经营质量-41.64,行业前景-78.00,治理风险-70.03,媒体及娱乐,above_average,full_coverage_dimensional_v0.4
00550,ALLEGRO CULTURE,总分-72.21,护城河-75.10,技术壁垒-79.66,市场地位-63.28,商业质量-66.65,经营质量-44.50,行业前景-78.00,治理风险-71.41,媒体及娱乐,above_average,full_coverage_dimensional_v0.4
03709,EEKA FASHION,总分-72.21,护城河-88.18,技术壁垒-54.39,市场地位-83.48,商业质量-69.33,经营质量-55.20,行业前景-70.00,治理风险-68.65,纺织及服饰,above_average,full_coverage_dimensional_v0.4
01473,PANGAEA CONNECT,总分-72.20,护城河-70.74,技术壁垒-80.10,市场地位-71.75,商业质量-61.10,经营质量-52.75,行业前景-78.00,治理风险-69.14,资讯科技器材,above_average,full_coverage_dimensional_v0.4
00178,SA SA INT'L,总分-72.18,护城河-75.24,技术壁垒-76.02,市场地位-79.31,商业质量-59.80,经营质量-50.24,行业前景-70.00,治理风险-69.45,其他医疗保健,above_average,full_coverage_dimensional_v0.4
06166,CIG,总分-72.16,护城河-73.00,技术壁垒-86.00,市场地位-68.00,商业质量-58.00,经营质量-44.00,行业前景-72.00,治理风险-70.00,IT Hardware,above_average,full_coverage_dimensional_v0.4
00797,7ROAD,总分-72.15,护城河-76.64,技术壁垒-72.46,市场地位-70.32,商业质量-70.87,经营质量-45.54,行业前景-78.00,治理风险-68.95,软件服务,above_average,full_coverage_dimensional_v0.4
02120,KN HOSPITAL,总分-72.14,护城河-71.76,技术壁垒-77.58,市场地位-78.16,商业质量-63.31,经营质量-57.36,行业前景-70.00,治理风险-69.59,其他医疗保健,above_average,full_coverage_dimensional_v0.4
02181,MABPHARM-B,总分-72.12,护城河-68.97,技术壁垒-84.15,市场地位-70.13,商业质量-69.59,经营质量-55.51,行业前景-70.00,治理风险-68.21,药品及生物科技,above_average,full_coverage_dimensional_v0.4
02701,NSING TECH,总分-72.10,护城河-73.00,技术壁垒-85.71,市场地位-67.14,商业质量-57.51,经营质量-46.43,行业前景-72.00,治理风险-70.33,半导体,above_average,full_coverage_dimensional_v0.4
00302,CMGE,总分-72.08,护城河-75.28,技术壁垒-78.37,市场地位-69.79,商业质量-55.05,经营质量-45.81,行业前景-78.00,治理风险-72.55,软件服务,above_average,full_coverage_dimensional_v0.4
02576,TAIMEI TECH,总分-72.08,护城河-76.44,技术壁垒-78.95,市场地位-64.76,商业质量-59.84,经营质量-45.55,行业前景-78.00,治理风险-70.45,软件服务,above_average,full_coverage_dimensional_v0.4
00553,NANJING PANDA,总分-72.06,护城河-72.97,技术壁垒-79.67,市场地位-67.52,商业质量-65.41,经营质量-45.01,行业前景-78.00,治理风险-70.04,软件服务,above_average,full_coverage_dimensional_v0.4
00690,UNI-BIO GROUP,总分-72.06,护城河-71.50,技术壁垒-84.25,市场地位-69.15,商业质量-63.98,经营质量-53.17,行业前景-70.00,治理风险-67.24,药品及生物科技,above_average,full_coverage_dimensional_v0.4
09886,DINGDANG HEALTH,总分-72.06,护城河-68.34,技术壁垒-83.75,市场地位-76.80,商业质量-63.31,经营质量-49.95,行业前景-70.00,治理风险-70.10,药品及生物科技,above_average,full_coverage_dimensional_v0.4
01801,INNOVENT BIO,总分-72.05,护城河-66.67,技术壁垒-85.33,市场地位-75.42,商业质量-62.33,经营质量-56.00,行业前景-70.00,治理风险-70.00,医疗保健,above_average,full_coverage_dimensional_v0.4
02172,MICROPORT NEURO,总分-72.05,护城河-72.92,技术壁垒-77.17,市场地位-75.31,商业质量-68.78,经营质量-53.38,行业前景-70.00,治理风险-67.72,其他医疗保健,above_average,full_coverage_dimensional_v0.4
00638,FIBOCOM,总分-72.04,护城河-73.00,技术壁垒-84.00,市场地位-68.00,商业质量-58.00,经营质量-50.00,行业前景-72.00,治理风险-70.00,IT Hardware,above_average,full_coverage_dimensional_v0.4
06660,AIM VACCINE,总分-72.03,护城河-77.16,技术壁垒-82.74,市场地位-66.47,商业质量-54.20,经营质量-47.60,行业前景-70.00,治理风险-71.19,药品及生物科技,above_average,full_coverage_dimensional_v0.4
01362,SIS MOBILE,总分-72.01,护城河-77.90,技术壁垒-72.36,市场地位-71.62,商业质量-59.87,经营质量-49.97,行业前景-78.00,治理风险-68.32,资讯科技器材,above_average,full_coverage_dimensional_v0.4
01831,SHIFANG HLDG,总分-71.98,护城河-77.69,技术壁垒-72.17,市场地位-71.55,商业质量-57.63,经营质量-52.89,行业前景-78.00,治理风险-69.76,媒体及娱乐,above_average,full_coverage_dimensional_v0.4
09863,LEAPMOTOR,总分-71.98,护城河-72.55,技术壁垒-79.03,市场地位-79.45,商业质量-58.57,经营质量-58.25,行业前景-66.00,治理风险-69.26,汽车,above_average,full_coverage_dimensional_v0.4
03998,BOSIDENG,总分-71.97,护城河-88.28,技术壁垒-53.67,市场地位-84.62,商业质量-73.46,经营质量-45.14,行业前景-70.00,治理风险-69.02,纺织及服饰,above_average,full_coverage_dimensional_v0.4
02633,JACOBSON PHARMA,总分-71.95,护城河-69.30,技术壁垒-84.49,市场地位-71.77,商业质量-65.37,经营质量-51.45,行业前景-70.00,治理风险-68.37,药品及生物科技,above_average,full_coverage_dimensional_v0.4
08645,BYTE META,总分-71.94,护城河-70.00,技术壁垒-80.00,市场地位-69.00,商业质量-67.03,经营质量-50.00,行业前景-78.00,治理风险-70.00,软件服务,above_average,full_coverage_dimensional_v0.4
01661,CH FRONTIER TEC,总分-71.93,护城河-76.57,技术壁垒-78.38,市场地位-64.48,商业质量-60.16,经营质量-44.03,行业前景-78.00,治理风险-71.30,媒体及娱乐,above_average,full_coverage_dimensional_v0.4
02566,JIUYUAN GENE,总分-71.93,护城河-66.42,技术壁垒-85.34,市场地位-75.00,商业质量-64.64,经营质量-54.90,行业前景-70.00,治理风险-68.05,药品及生物科技,above_average,full_coverage_dimensional_v0.4
02635,NUOBIKAN,总分-71.92,护城河-65.30,技术壁垒-81.89,市场地位-70.91,商业质量-70.47,经营质量-57.41,行业前景-78.00,治理风险-67.61,软件服务,above_average,full_coverage_dimensional_v0.4
02522,RIMAG GROUP,总分-71.91,护城河-70.16,技术壁垒-83.92,市场地位-71.18,商业质量-63.37,经营质量-51.01,行业前景-70.00,治理风险-70.50,其他医疗保健,above_average,full_coverage_dimensional_v0.4
02656,160 HEALTH,总分-71.91,护城河-76.03,技术壁垒-83.25,市场地位-67.29,商业质量-58.57,经营质量-40.84,行业前景-70.00,治理风险-71.47,药品及生物科技,above_average,full_coverage_dimensional_v0.4
00175,GEELY AUTO,总分-71.89,护城河-73.03,技术壁垒-77.42,市场地位-83.90,商业质量-58.56,经营质量-51.05,行业前景-66.00,治理风险-68.77,汽车,above_average,full_coverage_dimensional_v0.4
02282,MGM CHINA,总分-71.87,护城河-86.00,技术壁垒-47.00,市场地位-91.00,商业质量-79.88,经营质量-58.99,行业前景-70.00,治理风险-67.35,酒店、赌场及消闲设施,above_average,full_coverage_dimensional_v0.4
02432,DOBOT,总分-71.87,护城河-76.24,技术壁垒-78.74,市场地位-63.17,商业质量-61.66,经营质量-44.84,行业前景-78.00,治理风险-70.69,软件服务,above_average,full_coverage_dimensional_v0.4
06610,FLOWING CLOUD,总分-71.87,护城河-77.70,技术壁垒-78.13,市场地位-66.14,商业质量-53.08,经营质量-43.57,行业前景-78.00,治理风险-72.11,软件服务,above_average,full_coverage_dimensional_v0.4
06883,ETERNAL BEAUTY,总分-71.87,护城河-73.64,技术壁垒-76.69,市场地位-76.65,商业质量-64.17,经营质量-51.90,行业前景-70.00,治理风险-67.82,其他医疗保健,above_average,full_coverage_dimensional_v0.4
00419,HONY MEDIA,总分-71.85,护城河-76.57,技术壁垒-79.22,市场地位-64.81,商业质量-57.51,经营质量-41.44,行业前景-78.00,治理风险-71.95,软件服务,above_average,full_coverage_dimensional_v0.4
01087,INVESTECH HLDGS,总分-71.84,护城河-76.92,技术壁垒-78.33,市场地位-64.15,商业质量-61.15,经营质量-40.16,行业前景-78.00,治理风险-71.68,资讯科技器材,above_average,full_coverage_dimensional_v0.4
02390,ZHIHU-W,总分-71.84,护城河-80.28,技术壁垒-70.10,市场地位-73.00,商业质量-57.61,经营质量-42.53,行业前景-78.00,治理风险-70.56,媒体及娱乐,above_average,full_coverage_dimensional_v0.4
02299,BILLION IND,总分-71.83,护城河-88.79,技术壁垒-54.07,市场地位-85.55,商业质量-66.64,经营质量-45.21,行业前景-70.00,治理风险-69.51,纺织及服饰,above_average,full_coverage_dimensional_v0.4
02383,TOM GROUP,总分-71.83,护城河-71.47,技术壁垒-79.10,市场地位-68.03,商业质量-57.89,经营质量-58.30,行业前景-78.00,治理风险-71.04,媒体及娱乐,above_average,full_coverage_dimensional_v0.4
03317,XUNCE,总分-71.83,护城河-70.00,技术壁垒-81.20,市场地位-69.00,商业质量-62.00,经营质量-50.00,行业前景-78.00,治理风险-70.00,Software & Services,above_average,full_coverage_dimensional_v0.4
00511,TVB,总分-71.79,护城河-69.36,技术壁垒-73.31,市场地位-81.72,商业质量-63.02,经营质量-53.92,行业前景-78.00,治理风险-69.02,媒体及娱乐,above_average,full_coverage_dimensional_v0.4
09973,CHERY AUTO,总分-71.77,护城河-72.71,技术壁垒-77.42,市场地位-83.39,商业质量-57.77,经营质量-53.08,行业前景-66.00,治理风险-68.57,汽车,above_average,full_coverage_dimensional_v0.4
00570,TRAD CHI MED,总分-71.75,护城河-76.21,技术壁垒-75.67,市场地位-76.03,商业质量-58.04,经营质量-49.30,行业前景-70.00,治理风险-70.02,药品及生物科技,above_average,full_coverage_dimensional_v0.4
06823,HKT-SS,总分-71.74,护城河-91.00,技术壁垒-51.20,市场地位-80.60,商业质量-80.49,经营质量-57.93,行业前景-62.00,治理风险-68.26,电讯,above_average,full_coverage_dimensional_v0.4
00326,CN STAR ENT-2K,总分-71.71,护城河-77.78,技术壁垒-78.41,市场地位-65.48,商业质量-53.57,经营质量-40.81,行业前景-78.00,治理风险-71.51,媒体及娱乐,above_average,full_coverage_dimensional_v0.4
01617,NANFANG COMM,总分-71.71,护城河-69.75,技术壁垒-80.23,市场地位-69.79,商业质量-63.64,经营质量-50.30,行业前景-78.00,治理风险-68.83,资讯科技器材,above_average,full_coverage_dimensional_v0.4
01234,CHINA LILANG,总分-71.70,护城河-83.98,技术壁垒-54.23,市场地位-83.16,商业质量-79.09,经营质量-55.07,行业前景-70.00,治理风险-68.22,纺织及服饰,above_average,full_coverage_dimensional_v0.4
02000,SIM TECH,总分-71.69,护城河-75.93,技术壁垒-79.51,市场地位-63.56,商业质量-55.24,经营质量-47.95,行业前景-78.00,治理风险-70.56,资讯科技器材,above_average,full_coverage_dimensional_v0.4
08033,VODATEL NETWORK,总分-71.68,护城河-69.70,技术壁垒-80.52,市场地位-69.56,商业质量-61.00,经营质量-53.00,行业前景-78.00,治理风险-68.74,软件服务,above_average,full_coverage_dimensional_v0.4
00455,TIANDA PHARMA,总分-71.65,护城河-74.84,技术壁垒-83.77,市场地位-64.03,商业质量-58.73,经营质量-47.66,行业前景-70.00,治理风险-71.15,药品及生物科技,above_average,full_coverage_dimensional_v0.4
02945,CN STAR ENT-10K,总分-71.65,护城河-77.78,技术壁垒-78.41,市场地位-65.48,商业质量-53.57,经营质量-39.91,行业前景-78.00,治理风险-71.51,媒体及娱乐,above_average,full_coverage_dimensional_v0.4
03880,MEDTIDE,总分-71.64,护城河-71.64,技术壁垒-77.87,市场地位-70.47,商业质量-72.03,经营质量-57.15,行业前景-70.00,治理风险-67.32,药品及生物科技,above_average,full_coverage_dimensional_v0.4
06651,51WORLD,总分-71.64,护城河-70.00,技术壁垒-80.40,市场地位-69.00,商业质量-62.00,经营质量-50.00,行业前景-78.00,治理风险-70.00,Software & Services,above_average,full_coverage_dimensional_v0.4
01236,LDROBOT,总分-71.63,护城河-73.50,技术壁垒-78.64,市场地位-67.33,商业质量-61.97,经营质量-42.98,行业前景-78.00,治理风险-71.58,软件服务,above_average,full_coverage_dimensional_v0.4
01815,EVEREST GOLD,总分-71.62,护城河-86.00,技术壁垒-54.47,市场地位-77.80,商业质量-81.07,经营质量-53.86,行业前景-70.00,治理风险-67.64,纺织、服饰及个人护理,above_average,full_coverage_dimensional_v0.4
01111,HUASHI GROUP,总分-71.61,护城河-73.00,技术壁垒-73.17,市场地位-72.62,商业质量-64.54,经营质量-55.32,行业前景-78.00,治理风险-67.32,媒体及娱乐,above_average,full_coverage_dimensional_v0.4
01083,TG SMART ENERGY,总分-71.60,护城河-92.13,技术壁垒-51.20,市场地位-83.57,商业质量-71.92,经营质量-54.84,行业前景-62.00,治理风险-68.15,公用事业,above_average,full_coverage_dimensional_v0.4
02688,ENN ENERGY,总分-71.60,护城河-86.73,技术壁垒-52.00,市场地位-90.61,商业质量-74.31,经营质量-58.32,行业前景-62.00,治理风险-67.08,公用事业,above_average,full_coverage_dimensional_v0.4
09966,ALPHAMAB-B,总分-71.58,护城河-75.57,技术壁垒-83.54,市场地位-65.52,商业质量-54.48,经营质量-46.79,行业前景-70.00,治理风险-70.58,药品及生物科技,above_average,full_coverage_dimensional_v0.4
01830,PERFECT MEDICAL,总分-71.55,护城河-68.56,技术壁垒-84.53,市场地位-69.97,商业质量-65.07,经营质量-53.66,行业前景-70.00,治理风险-67.48,其他医疗保健,above_average,full_coverage_dimensional_v0.4
00775,CKLIFE SCIENCES,总分-71.54,护城河-69.28,技术壁垒-83.06,市场地位-75.41,商业质量-58.05,经营质量-48.90,行业前景-70.00,治理风险-71.13,其他医疗保健,above_average,full_coverage_dimensional_v0.4
02228,XTALPI,总分-71.54,护城河-86.67,技术壁垒-53.53,市场地位-80.47,商业质量-81.28,经营质量-45.33,行业前景-70.00,治理风险-68.93,纺织、服饰及个人护理,above_average,full_coverage_dimensional_v0.4
01913,PRADA,总分-71.51,护城河-85.60,技术壁垒-46.80,市场地位-89.51,商业质量-79.22,经营质量-59.50,行业前景-70.00,治理风险-67.92,纺织及服饰,above_average,full_coverage_dimensional_v0.4
02393,YESTAR HEALTH,总分-71.50,护城河-78.52,技术壁垒-74.74,市场地位-71.25,商业质量-56.73,经营质量-49.44,行业前景-70.00,治理风险-71.70,其他医疗保健,above_average,full_coverage_dimensional_v0.4
02670,YUNJI,总分-71.49,护城河-75.25,技术壁垒-78.08,市场地位-59.44,商业质量-57.88,经营质量-57.46,行业前景-78.00,治理风险-72.64,软件服务,above_average,full_coverage_dimensional_v0.4
08051,CIRCUTECH,总分-71.49,护城河-69.43,技术壁垒-81.02,市场地位-67.69,商业质量-67.75,经营质量-45.40,行业前景-78.00,治理风险-67.81,资讯科技器材,above_average,full_coverage_dimensional_v0.4
00571,ESUN HOLDINGS,总分-71.47,护城河-73.26,技术壁垒-72.52,市场地位-71.48,商业质量-62.97,经营质量-56.98,行业前景-78.00,治理风险-69.50,媒体及娱乐,above_average,full_coverage_dimensional_v0.4
00902,HUANENG POWER,总分-71.46,护城河-89.07,技术壁垒-50.88,市场地位-87.95,商业质量-74.08,经营质量-52.47,行业前景-62.00,治理风险-70.70,公用事业,above_average,full_coverage_dimensional_v0.4
02211,UNI HEALTH,总分-71.46,护城河-74.58,技术壁垒-83.70,市场地位-64.64,商业质量-56.36,经营质量-48.83,行业前景-70.00,治理风险-70.06,药品及生物科技,above_average,full_coverage_dimensional_v0.4
01384,DEEPEXI TECH,总分-71.44,护城河-70.00,技术壁垒-79.60,市场地位-69.00,商业质量-62.00,经营质量-50.00,行业前景-78.00,治理风险-70.00,Software & Services,above_average,full_coverage_dimensional_v0.4
06955,BOAN BIOTECH,总分-71.44,护城河-69.56,技术壁垒-84.15,市场地位-70.68,商业质量-60.75,经营质量-50.39,行业前景-70.00,治理风险-69.74,药品及生物科技,above_average,full_coverage_dimensional_v0.4
00536,TRADELINK,总分-71.42,护城河-67.91,技术壁垒-81.02,市场地位-66.22,商业质量-68.26,经营质量-54.45,行业前景-78.00,治理风险-67.28,软件服务,above_average,full_coverage_dimensional_v0.4
01982,NAMESON HLDGS,总分-71.41,护城河-86.87,技术壁垒-53.87,市场地位-79.69,商业质量-73.04,经营质量-54.17,行业前景-70.00,治理风险-68.41,纺织及服饰,above_average,full_coverage_dimensional_v0.4
01063,SUNCORP TECH,总分-71.40,护城河-72.98,技术壁垒-80.16,市场地位-59.03,商业质量-72.39,经营质量-45.47,行业前景-78.00,治理风险-67.10,资讯科技器材,above_average,full_coverage_dimensional_v0.4
02658,TIANYU SEMI,总分-71.40,护城河-70.07,技术壁垒-84.86,市场地位-68.43,商业质量-61.78,经营质量-42.81,行业前景-72.00,治理风险-70.78,半导体,above_average,full_coverage_dimensional_v0.4
06600,ONEROBOTICS,总分-71.40,护城河-69.00,技术壁垒-86.00,市场地位-68.00,商业质量-58.00,经营质量-50.00,行业前景-72.00,治理风险-70.00,Household Appliances & Electronics,above_average,full_coverage_dimensional_v0.4
02291,SCIENTECH,总分-71.37,护城河-65.12,技术壁垒-85.55,市场地位-73.45,商业质量-64.91,经营质量-54.75,行业前景-70.00,治理风险-67.43,其他医疗保健,above_average,full_coverage_dimensional_v0.4
00018,ORIENTAL M G,总分-71.35,护城河-69.48,技术壁垒-80.31,市场地位-68.59,商业质量-61.75,经营质量-49.75,行业前景-78.00,治理风险-69.60,媒体及娱乐,above_average,full_coverage_dimensional_v0.4
01097,I-CABLE COMM,总分-71.35,护城河-71.03,技术壁垒-78.90,市场地位-66.10,商业质量-54.62,经营质量-60.13,行业前景-78.00,治理风险-72.95,媒体及娱乐,above_average,full_coverage_dimensional_v0.4
01518,NC HEALTHCARE,总分-71.32,护城河-76.36,技术壁垒-82.35,市场地位-64.72,商业质量-52.68,经营质量-45.95,行业前景-70.00,治理风险-72.38,其他医疗保健,above_average,full_coverage_dimensional_v0.4
00420,FOUNTAIN SET,总分-71.31,护城河-87.88,技术壁垒-53.34,市场地位-80.45,商业质量-69.14,经营质量-52.02,行业前景-70.00,治理风险-69.82,纺织及服饰,above_average,full_coverage_dimensional_v0.4
09958,LITIAN PICTURES,总分-71.29,护城河-74.33,技术壁垒-79.24,市场地位-59.55,商业质量-57.33,经营质量-55.43,行业前景-78.00,治理风险-71.57,媒体及娱乐,above_average,full_coverage_dimensional_v0.4
00257,EB ENVIRONMENT,总分-71.28,护城河-88.40,技术壁垒-51.47,市场地位-85.76,商业质量-75.91,经营质量-54.57,行业前景-62.00,治理风险-69.05,公用事业,above_average,full_coverage_dimensional_v0.4
08637,METASURFACE,总分-71.28,护城河-64.93,技术壁垒-87.43,市场地位-66.29,商业质量-66.30,经营质量-56.99,行业前景-72.00,治理风险-67.22,半导体,above_average,full_coverage_dimensional_v0.4
02422,REGO INTERACT,总分-71.26,护城河-71.12,技术壁垒-79.03,市场地位-67.69,商业质量-62.75,经营质量-44.01,行业前景-78.00,治理风险-72.10,媒体及娱乐,above_average,full_coverage_dimensional_v0.4
01100,MAINLAND HOLD,总分-71.25,护城河-86.57,技术壁垒-54.03,市场地位-77.14,商业质量-76.35,经营质量-53.67,行业前景-70.00,治理风险-68.53,纺织及服饰,above_average,full_coverage_dimensional_v0.4
00434,BOYAA,总分-71.24,护城河-75.97,技术壁垒-78.53,市场地位-61.72,商业质量-53.25,经营质量-50.34,行业前景-78.00,治理风险-71.30,软件服务,above_average,full_coverage_dimensional_v0.4
06657,BAIWANG CO,总分-71.23,护城河-70.43,技术壁垒-79.27,市场地位-69.21,商业质量-62.82,经营质量-43.97,行业前景-78.00,治理风险-70.16,软件服务,above_average,full_coverage_dimensional_v0.4
02678,TEXHONG INTL GP,总分-71.22,护城河-88.99,技术壁垒-46.47,市场地位-86.35,商业质量-71.90,经营质量-56.29,行业前景-70.00,治理风险-68.90,纺织及服饰,above_average,full_coverage_dimensional_v0.4
06288,FAST RETAIL-DRS,总分-71.21,护城河-86.00,技术壁垒-47.00,市场地位-90.76,商业质量-73.60,经营质量-55.93,行业前景-70.00,治理风险-68.29,纺织及服饰,above_average,full_coverage_dimensional_v0.4
02298,COSMO LADY,总分-71.20,护城河-87.17,技术壁垒-53.42,市场地位-79.32,商业质量-72.13,经营质量-52.36,行业前景-70.00,治理风险-69.27,纺织及服饰,above_average,full_coverage_dimensional_v0.4
00484,FORGAME,总分-71.19,护城河-75.44,技术壁垒-78.20,市场地位-60.21,商业质量-62.00,经营质量-44.58,行业前景-78.00,治理风险-71.88,资讯科技器材,above_average,full_coverage_dimensional_v0.4
02438,MOBVOI,总分-71.18,护城河-75.44,技术壁垒-79.27,市场地位-61.34,商业质量-56.78,经营质量-44.51,行业前景-78.00,治理风险-71.82,软件服务,above_average,full_coverage_dimensional_v0.4
03390,TYCOON GROUP,总分-71.17,护城河-73.03,技术壁垒-76.30,市场地位-72.22,商业质量-65.94,经营质量-51.11,行业前景-70.00,治理风险-69.26,药品及生物科技,above_average,full_coverage_dimensional_v0.4
01980,TIANGE,总分-71.13,护城河-74.41,技术壁垒-79.90,市场地位-60.41,商业质量-61.17,经营质量-44.45,行业前景-78.00,治理风险-69.71,媒体及娱乐,above_average,full_coverage_dimensional_v0.4
06185,CANSINOBIO,总分-71.08,护城河-74.31,技术壁垒-83.40,市场地位-62.87,商业质量-58.52,经营质量-46.37,行业前景-70.00,治理风险-69.94,药品及生物科技,above_average,full_coverage_dimensional_v0.4
08003,GREAT WORLD,总分-71.08,护城河-72.95,技术壁垒-81.24,市场地位-60.45,商业质量-67.52,经营质量-39.17,行业前景-78.00,治理风险-67.05,媒体及娱乐,above_average,full_coverage_dimensional_v0.4
08436,TAKBO GROUP,总分-71.08,护城河-73.64,技术壁垒-83.98,市场地位-61.61,商业质量-60.61,经营质量-47.84,行业前景-70.00,治理风险-69.35,其他医疗保健,above_average,full_coverage_dimensional_v0.4
02162,KEYMED BIO-B,总分-71.02,护城河-76.36,技术壁垒-82.16,市场地位-64.49,商业质量-53.53,经营质量-42.03,行业前景-70.00,治理风险-71.43,药品及生物科技,above_average,full_coverage_dimensional_v0.4
02487,CUTIA-B,总分-71.02,护城河-75.04,技术壁垒-82.45,市场地位-61.73,商业质量-61.94,经营质量-41.59,行业前景-70.00,治理风险-72.07,药品及生物科技,above_average,full_coverage_dimensional_v0.4
03638,HUNLICAR GROUP,总分-71.02,护城河-73.97,技术壁垒-79.90,市场地位-60.02,商业质量-59.26,经营质量-47.39,行业前景-78.00,治理风险-70.36,资讯科技器材,above_average,full_coverage_dimensional_v0.4
08317,FINET GROUP,总分-71.02,护城河-72.43,技术壁垒-80.38,市场地位-57.55,商业质量-67.03,经营质量-50.03,行业前景-78.00,治理风险-68.43,媒体及娱乐,above_average,full_coverage_dimensional_v0.4
01460,ICO GROUP,总分-71.01,护城河-69.17,技术壁垒-80.41,市场地位-68.23,商业质量-63.39,经营质量-44.05,行业前景-78.00,治理风险-69.27,软件服务,above_average,full_coverage_dimensional_v0.4
03332,SINOLIFE UTD,总分-71.00,护城河-72.84,技术壁垒-76.21,市场地位-72.11,商业质量-65.78,经营质量-50.68,行业前景-70.00,治理风险-68.58,其他医疗保健,above_average,full_coverage_dimensional_v0.4
03336,JU TENG INTL,总分-71.00,护城河-79.21,技术壁垒-70.07,市场地位-69.39,商业质量-56.79,经营质量-42.37,行业前景-78.00,治理风险-71.37,资讯科技器材,above_average,full_coverage_dimensional_v0.4
00528,KINGDOM HOLDING,总分-70.99,护城河-86.97,技术壁垒-53.63,市场地位-77.67,商业质量-70.62,经营质量-54.36,行业前景-70.00,治理风险-69.63,纺织及服饰,above_average,full_coverage_dimensional_v0.4
01079,PINE TECH,总分-70.99,护城河-74.79,技术壁垒-79.57,市场地位-60.93,商业质量-58.13,经营质量-42.40,行业前景-78.00,治理风险-71.78,资讯科技器材,above_average,full_coverage_dimensional_v0.4
02149,BATELAB,总分-70.99,护城河-62.36,技术壁垒-88.00,市场地位-72.00,商业质量-60.87,经营质量-55.26,行业前景-72.00,治理风险-67.67,半导体,above_average,full_coverage_dimensional_v0.4
02453,CONCORD HC GP,总分-70.99,护城河-75.64,技术壁垒-82.16,市场地位-62.13,商业质量-60.54,经营质量-41.00,行业前景-70.00,治理风险-71.51,其他医疗保健,above_average,full_coverage_dimensional_v0.4
01731,PROSPEROUS IND,总分-70.98,护城河-86.67,技术壁垒-53.91,市场地位-78.52,商业质量-71.08,经营质量-53.96,行业前景-70.00,治理风险-67.61,纺织及服饰,above_average,full_coverage_dimensional_v0.4
01477,OCUMENSION-B,总分-70.97,护城河-69.63,技术壁垒-83.30,市场地位-68.01,商业质量-63.99,经营质量-47.08,行业前景-70.00,治理风险-70.34,药品及生物科技,above_average,full_coverage_dimensional_v0.4
01643,MODERN CHI MED,总分-70.97,护城河-73.91,技术壁垒-83.85,市场地位-62.63,商业质量-55.49,经营质量-48.91,行业前景-70.00,治理风险-70.18,药品及生物科技,above_average,full_coverage_dimensional_v0.4
08112,CORNERSTONE FIN,总分-70.97,护城河-74.76,技术壁垒-78.83,市场地位-60.14,商业质量-56.37,经营质量-49.50,行业前景-78.00,治理风险-71.73,媒体及娱乐,above_average,full_coverage_dimensional_v0.4
01193,CHINA RES GAS,总分-70.96,护城河-93.47,技术壁垒-43.68,市场地位-88.59,商业质量-70.69,经营质量-57.60,行业前景-62.00,治理风险-68.48,公用事业,above_average,full_coverage_dimensional_v0.4
00762,CHINA UNICOM,总分-70.94,护城河-92.50,技术壁垒-49.00,市场地位-85.40,商业质量-68.09,经营质量-50.00,行业前景-62.00,治理风险-70.00,电讯,above_average,full_coverage_dimensional_v0.4
08319,EXPERT SYS,总分-70.94,护城河-69.04,技术壁垒-80.25,市场地位-67.23,商业质量-61.61,经营质量-48.47,行业前景-78.00,治理风险-69.64,软件服务,above_average,full_coverage_dimensional_v0.4
09600,NEWLINK TECH,总分-70.90,护城河-75.31,技术壁垒-78.72,市场地位-59.94,商业质量-56.85,经营质量-45.47,行业前景-78.00,治理风险-72.23,软件服务,above_average,full_coverage_dimensional_v0.4
03813,POU SHENG INT'L,总分-70.88,护城河-89.33,技术壁垒-44.87,市场地位-88.33,商业质量-71.68,经营质量-50.00,行业前景-70.00,治理风险-70.00,纺织、服饰及个人护理,above_average,full_coverage_dimensional_v0.4
06855,ASCENTAGE-B,总分-70.85,护城河-75.70,技术壁垒-82.05,市场地位-62.15,商业质量-59.26,经营质量-39.51,行业前景-70.00,治理风险-72.44,药品及生物科技,above_average,full_coverage_dimensional_v0.4
06877,TE HEALTHCARE,总分-70.85,护城河-73.32,技术壁垒-84.01,市场地位-61.12,商业质量-60.53,经营质量-45.69,行业前景-70.00,治理风险-70.22,药品及生物科技,above_average,full_coverage_dimensional_v0.4
01244,3D MEDICINES,总分-70.84,护城河-75.11,技术壁垒-82.64,市场地位-63.66,商业质量-55.08,经营质量-42.64,行业前景-70.00,治理风险-71.63,药品及生物科技,above_average,full_coverage_dimensional_v0.4
08091,OOH HOLDINGS,总分-70.83,护城河-73.29,技术壁垒-80.14,市场地位-58.93,商业质量-59.90,经营质量-47.91,行业前景-78.00,治理风险-70.61,媒体及娱乐,above_average,full_coverage_dimensional_v0.4
02126,JW THERAP-B,总分-70.80,护城河-74.77,技术壁垒-82.26,市场地位-59.96,商业质量-61.01,经营质量-44.78,行业前景-70.00,治理风险-72.60,药品及生物科技,above_average,full_coverage_dimensional_v0.4
01498,PURAPHARM,总分-70.79,护城河-70.91,技术壁垒-83.62,市场地位-64.78,商业质量-59.07,经营质量-50.68,行业前景-70.00,治理风险-70.50,药品及生物科技,above_average,full_coverage_dimensional_v0.4
00426,ONE MEDIA GROUP,总分-70.78,护城河-73.03,技术壁垒-79.31,市场地位-56.14,商业质量-58.31,经营质量-58.42,行业前景-78.00,治理风险-72.52,媒体及娱乐,above_average,full_coverage_dimensional_v0.4
01316,NEXTEER,总分-70.78,护城河-71.58,技术壁垒-78.90,市场地位-76.94,商业质量-55.00,经营质量-55.06,行业前景-66.00,治理风险-68.18,汽车,above_average,full_coverage_dimensional_v0.4
09996,PEIJIA-B,总分-70.78,护城河-72.68,技术壁垒-82.19,市场地位-65.23,商业质量-59.56,经营质量-44.87,行业前景-70.00,治理风险-71.85,其他医疗保健,above_average,full_coverage_dimensional_v0.4
00916,CHINA LONGYUAN,总分-70.75,护城河-91.07,技术壁垒-49.01,市场地位-80.91,商业质量-78.47,经营质量-50.00,行业前景-62.00,治理风险-70.00,公用事业,above_average,full_coverage_dimensional_v0.4
02028,JOLIMARK,总分-70.74,护城河-71.11,技术壁垒-78.72,市场地位-58.90,商业质量-57.47,经营质量-63.30,行业前景-78.00,治理风险-72.90,资讯科技器材,above_average,full_coverage_dimensional_v0.4
01776,GF SEC,总分-70.73,护城河-87.45,技术壁垒-54.71,市场地位-88.51,商业质量-70.61,经营质量-55.56,行业前景-54.00,治理风险-69.70,其他金融,above_average,full_coverage_dimensional_v0.4
02125,STRAWBEAR ENT,总分-70.72,护城河-68.41,技术壁垒-72.03,市场地位-76.07,商业质量-67.76,经营质量-51.81,行业前景-78.00,治理风险-69.65,媒体及娱乐,above_average,full_coverage_dimensional_v0.4
00046,COMPUTER & TECH,总分-70.71,护城河-67.85,技术壁垒-80.91,市场地位-64.76,商业质量-62.52,经营质量-53.19,行业前景-78.00,治理风险-68.58,软件服务,above_average,full_coverage_dimensional_v0.4
02479,TIANJUDIHE,总分-70.71,护城河-68.05,技术壁垒-81.23,市场地位-64.76,商业质量-67.27,经营质量-43.61,行业前景-78.00,治理风险-69.59,软件服务,above_average,full_coverage_dimensional_v0.4
01708,SAMPLE TECH,总分-70.70,护城河-69.37,技术壁垒-78.87,市场地位-63.78,商业质量-64.59,经营质量-51.64,行业前景-78.00,治理风险-70.61,软件服务,above_average,full_coverage_dimensional_v0.4
06082,BIREN TECH,总分-70.70,护城河-70.00,技术壁垒-78.00,市场地位-69.00,商业质量-62.00,经营质量-44.00,行业前景-78.00,治理风险-70.00,Software & Services,above_average,full_coverage_dimensional_v0.4
08148,WUXI LIFE,总分-70.70,护城河-67.25,技术壁垒-80.62,市场地位-62.54,商业质量-71.99,经营质量-50.41,行业前景-78.00,治理风险-67.65,软件服务,above_average,full_coverage_dimensional_v0.4
01071,HUADIAN POWER,总分-70.68,护城河-89.87,技术壁垒-43.36,市场地位-91.15,商业质量-75.58,经营质量-58.34,行业前景-62.00,治理风险-68.73,公用事业,above_average,full_coverage_dimensional_v0.4
07489,VOYAH AUTO,总分-70.68,护城河-67.74,技术壁垒-78.97,市场地位-78.55,商业质量-62.51,经营质量-57.46,行业前景-66.00,治理风险-67.89,汽车,above_average,full_coverage_dimensional_v0.4
08158,CRMI,总分-70.68,护城河-68.44,技术壁垒-84.59,市场地位-59.79,商业质量-73.91,经营质量-51.54,行业前景-70.00,治理风险-67.29,其他医疗保健,above_average,full_coverage_dimensional_v0.4
06181,LAOPU GOLD,总分-70.66,护城河-85.19,技术壁垒-46.96,市场地位-88.13,商业质量-81.36,经营质量-47.73,行业前景-70.00,治理风险-67.06,纺织及服饰,above_average,full_coverage_dimensional_v0.4
01419,HUMAN HEALTH,总分-70.65,护城河-74.84,技术壁垒-76.34,市场地位-65.84,商业质量-64.43,经营质量-50.40,行业前景-70.00,治理风险-69.64,其他医疗保健,above_average,full_coverage_dimensional_v0.4
01933,ONEFORCE HLDGS,总分-70.65,护城河-74.65,技术壁垒-78.77,市场地位-59.04,商业质量-55.69,经营质量-50.00,行业前景-78.00,治理风险-70.00,软件服务,above_average,full_coverage_dimensional_v0.4
02239,SMIT,总分-70.65,护城河-74.62,技术壁垒-78.52,市场地位-58.31,商业质量-61.63,经营质量-43.75,行业前景-78.00,治理风险-71.17,资讯科技器材,above_average,full_coverage_dimensional_v0.4
00648,SOFTMEDX,总分-70.63,护城河-72.28,技术壁垒-83.95,市场地位-57.81,商业质量-65.30,经营质量-51.31,行业前景-70.00,治理风险-67.38,其他医疗保健,above_average,full_coverage_dimensional_v0.4
00788,CHINA TOWER,总分-70.63,护城河-92.00,技术壁垒-43.40,市场地位-85.20,商业质量-79.76,经营质量-55.58,行业前景-62.00,治理风险-68.89,电讯,above_average,full_coverage_dimensional_v0.4
08223,ZYY,总分-70.63,护城河-72.04,技术壁垒-82.86,市场地位-66.41,商业质量-57.82,经营质量-43.08,行业前景-70.00,治理风险-71.03,其他医疗保健,above_average,full_coverage_dimensional_v0.4
06886,HTSC,总分-70.62,护城河-87.33,技术壁垒-54.66,市场地位-88.24,商业质量-70.48,经营质量-55.20,行业前景-54.00,治理风险-69.81,其他金融,above_average,full_coverage_dimensional_v0.4
02595,GENFLEET-B,总分-70.61,护城河-73.78,技术壁垒-82.03,市场地位-56.70,商业质量-56.27,经营质量-60.85,行业前景-70.00,治理风险-72.96,药品及生物科技,above_average,full_coverage_dimensional_v0.4
08093,WEB3 META,总分-70.60,护城河-74.59,技术壁垒-78.34,市场地位-60.90,商业质量-55.79,经营质量-45.61,行业前景-78.00,治理风险-71.19,媒体及娱乐,above_average,full_coverage_dimensional_v0.4
01818,ZHAOJIN MINING,总分-70.59,护城河-74.25,技术壁垒-76.75,市场地位-74.75,商业质量-59.28,经营质量-48.75,行业前景-64.00,治理风险-71.50,黄金及贵金属,above_average,full_coverage_dimensional_v0.4
02611,GTHT,总分-70.58,护城河-87.57,技术壁垒-54.51,市场地位-89.15,商业质量-67.72,经营质量-55.15,行业前景-54.00,治理风险-70.15,其他金融,above_average,full_coverage_dimensional_v0.4
06066,CSC,总分-70.58,护城河-87.20,技术壁垒-54.61,市场地位-87.53,商业质量-71.38,经营质量-55.87,行业前景-54.00,治理风险-69.62,其他金融,above_average,full_coverage_dimensional_v0.4
06938,RIBOLIFE-B,总分-70.58,护城河-69.00,技术壁垒-82.00,市场地位-68.75,商业质量-62.00,经营质量-50.00,行业前景-70.00,治理风险-70.00,Health Care,above_average,full_coverage_dimensional_v0.4
02022,DIGIT HOLLYWOOD,总分-70.57,护城河-73.99,技术壁垒-79.70,市场地位-58.62,商业质量-56.80,经营质量-45.86,行业前景-78.00,治理风险-71.74,软件服务,above_average,full_coverage_dimensional_v0.4
01490,AI X TECH,总分-70.56,护城河-68.62,技术壁垒-80.03,市场地位-65.24,商业质量-60.67,经营质量-50.61,行业前景-78.00,治理风险-69.87,媒体及娱乐,above_average,full_coverage_dimensional_v0.4
00179,JOHNSON ELEC H,总分-70.54,护城河-70.13,技术壁垒-79.87,市场地位-73.84,商业质量-58.33,经营质量-56.92,行业前景-66.00,治理风险-67.98,汽车,above_average,full_coverage_dimensional_v0.4
08247,BIOSINO BIO-TEC,总分-70.54,护城河-74.25,技术壁垒-83.09,市场地位-62.45,商业质量-54.47,经营质量-43.83,行业前景-70.00,治理风险-71.35,药品及生物科技,above_average,full_coverage_dimensional_v0.4
02199,REGINA MIRACLE,总分-70.53,护城河-83.78,技术壁垒-53.71,市场地位-81.14,商业质量-69.78,经营质量-54.25,行业前景-70.00,治理风险-69.76,纺织及服饰,above_average,full_coverage_dimensional_v0.4
01346,LEVER STYLE,总分-70.52,护城河-86.36,技术壁垒-53.95,市场地位-76.70,商业质量-68.20,经营质量-56.09,行业前景-70.00,治理风险-67.12,纺织及服饰,above_average,full_coverage_dimensional_v0.4
01606,CDB LEASING,总分-70.52,护城河-87.82,技术壁垒-54.58,市场地位-89.69,商业质量-62.69,经营质量-59.36,行业前景-54.00,治理风险-68.95,其他金融,above_average,full_coverage_dimensional_v0.4
03625,FOURSEMI,总分-70.52,护城河-72.29,技术壁垒-84.29,市场地位-63.00,商业质量-53.61,经营质量-42.51,行业前景-72.00,治理风险-71.89,半导体,above_average,full_coverage_dimensional_v0.4
00371,BJ ENT WATER,总分-70.51,护城河-88.27,技术壁垒-50.40,市场地位-84.11,商业质量-73.40,经营质量-52.84,行业前景-62.00,治理风险-70.04,公用事业,above_average,full_coverage_dimensional_v0.4
08279,AGTECH HOLDINGS,总分-70.50,护城河-87.37,技术壁垒-53.11,市场地位-77.32,商业质量-68.31,经营质量-50.59,行业前景-70.00,治理风险-69.47,酒店、赌场及消闲设施,above_average,full_coverage_dimensional_v0.4
08131,ABC MULTIACTIVE,总分-70.49,护城河-69.19,技术壁垒-80.36,市场地位-59.33,商业质量-66.41,经营质量-54.42,行业前景-78.00,治理风险-67.12,软件服务,above_average,full_coverage_dimensional_v0.4
00311,LUEN THAI,总分-70.47,护城河-89.00,技术壁垒-45.40,市场地位-85.00,商业质量-68.56,经营质量-54.66,行业前景-70.00,治理风险-69.79,纺织、服饰及个人护理,above_average,full_coverage_dimensional_v0.4
00458,TRISTATE HOLD,总分-70.47,护城河-83.47,技术壁垒-54.19,市场地位-79.93,商业质量-69.14,经营质量-57.20,行业前景-70.00,治理风险-68.96,纺织及服饰,above_average,full_coverage_dimensional_v0.4
01120,ARTS OPTICAL,总分-70.46,护城河-83.67,技术壁垒-54.07,市场地位-80.07,商业质量-75.05,经营质量-47.83,行业前景-70.00,治理风险-69.57,纺织、服饰及个人护理,above_average,full_coverage_dimensional_v0.4
02501,MAIYUE TECH,总分-70.46,护城河-64.84,技术壁垒-80.38,市场地位-66.75,商业质量-67.44,经营质量-52.91,行业前景-78.00,治理风险-69.68,软件服务,above_average,full_coverage_dimensional_v0.4
08401,STREAM IDEAS,总分-70.46,护城河-73.21,技术壁垒-79.86,市场地位-58.48,商业质量-58.55,经营质量-45.02,行业前景-78.00,治理风险-71.67,媒体及娱乐,above_average,full_coverage_dimensional_v0.4
00919,MODERNHEALTHTEC,总分-70.44,护城河-70.12,技术壁垒-83.89,市场地位-62.96,商业质量-60.03,经营质量-50.85,行业前景-70.00,治理风险-70.07,其他医疗保健,above_average,full_coverage_dimensional_v0.4
02251,AIRDOC-B,总分-70.43,护城河-73.80,技术壁垒-82.35,市场地位-59.37,商业质量-62.84,经营质量-43.10,行业前景-70.00,治理风险-71.22,其他医疗保健,above_average,full_coverage_dimensional_v0.4
02651,DAZHONG DENTAL,总分-70.42,护城河-71.24,技术壁垒-77.49,市场地位-67.82,商业质量-62.67,经营质量-57.92,行业前景-70.00,治理风险-68.25,其他医疗保健,above_average,full_coverage_dimensional_v0.4
01910,SAMSONITE,总分-70.41,护城河-85.09,技术壁垒-46.68,市场地位-87.36,商业质量-70.50,经营质量-59.84,行业前景-70.00,治理风险-68.71,纺织及服饰,above_average,full_coverage_dimensional_v0.4
01782,IB DIGITAL TECH,总分-70.40,护城河-74.45,技术壁垒-78.98,市场地位-58.96,商业质量-57.49,经营质量-41.47,行业前景-78.00,治理风险-72.27,软件服务,above_average,full_coverage_dimensional_v0.4
08121,GUOEN HOLDINGS,总分-70.40,护城河-68.10,技术壁垒-80.79,市场地位-64.72,商业质量-61.99,经营质量-47.47,行业前景-78.00,治理风险-69.28,媒体及娱乐,above_average,full_coverage_dimensional_v0.4
01909,FIRE ROCK,总分-70.38,护城河-74.72,技术壁垒-78.56,市场地位-59.78,商业质量-55.14,经营质量-42.43,行业前景-78.00,治理风险-72.68,软件服务,above_average,full_coverage_dimensional_v0.4
01398,ICBC,总分-70.37,护城河-88.00,技术壁垒-52.51,市场地位-90.50,商业质量-68.84,经营质量-51.56,行业前景-54.00,治理风险-71.67,银行,above_average,full_coverage_dimensional_v0.4
01011,NT PHARMA,总分-70.36,护城河-72.26,技术壁垒-83.72,市场地位-57.44,商业质量-57.90,经营质量-55.09,行业前景-70.00,治理风险-70.95,药品及生物科技,above_average,full_coverage_dimensional_v0.4
02665,SEYOND,总分-70.34,护城河-74.62,技术壁垒-70.05,市场地位-67.70,商业质量-54.00,经营质量-59.09,行业前景-78.00,治理风险-72.92,软件服务,above_average,full_coverage_dimensional_v0.4
08282,GAMEONE,总分-70.32,护城河-67.32,技术壁垒-80.44,市场地位-61.85,商业质量-68.21,经营质量-49.81,行业前景-78.00,治理风险-68.99,软件服务,above_average,full_coverage_dimensional_v0.4
00239,PAK FAH YEOW,总分-70.29,护城河-70.38,技术壁垒-76.99,市场地位-65.76,商业质量-70.06,经营质量-57.50,行业前景-70.00,治理风险-67.48,药品及生物科技,above_average,full_coverage_dimensional_v0.4
00939,CCB,总分-70.28,护城河-87.73,技术壁垒-53.27,市场地位-89.42,商业质量-70.65,经营质量-49.60,行业前景-54.00,治理风险-70.33,银行,above_average,full_coverage_dimensional_v0.4
02583,HIPINE,总分-70.28,护城河-85.25,技术壁垒-54.76,市场地位-73.34,商业质量-80.42,经营质量-45.04,行业前景-70.00,治理风险-67.80,纺织及服饰,above_average,full_coverage_dimensional_v0.4
00465,FUTONG TECH,总分-70.26,护城河-74.58,技术壁垒-78.64,市场地位-59.01,商业质量-54.88,经营质量-43.18,行业前景-78.00,治理风险-72.31,软件服务,above_average,full_coverage_dimensional_v0.4
06099,CMSC,总分-70.25,护城河-86.96,技术壁垒-54.51,市场地位-86.55,商业质量-70.65,经营质量-54.99,行业前景-54.00,治理风险-69.81,其他金融,above_average,full_coverage_dimensional_v0.4
08603,FAMEGLOW,总分-70.23,护城河-74.60,技术壁垒-76.18,市场地位-65.55,商业质量-62.60,经营质量-49.54,行业前景-70.00,治理风险-68.39,其他医疗保健,above_average,full_coverage_dimensional_v0.4
01159,SMART DIGI TECH,总分-70.18,护城河-69.29,技术壁垒-81.76,市场地位-62.76,商业质量-66.92,经营质量-34.63,行业前景-78.00,治理风险-67.00,媒体及娱乐,above_average,full_coverage_dimensional_v0.4
01716,MOST KWAI CHUNG,总分-70.18,护城河-67.50,技术壁垒-80.45,市场地位-63.03,商业质量-63.34,经营质量-50.41,行业前景-78.00,治理风险-68.96,媒体及娱乐,above_average,full_coverage_dimensional_v0.4
01877,JUNSHI BIO,总分-70.18,护城河-65.43,技术壁垒-83.88,市场地位-69.28,商业质量-63.17,经营质量-49.76,行业前景-70.00,治理风险-69.90,药品及生物科技,above_average,full_coverage_dimensional_v0.4
01883,CITIC TELECOM,总分-70.18,护城河-90.50,技术壁垒-50.80,市场地位-78.60,商业质量-72.54,经营质量-52.07,行业前景-62.00,治理风险-67.32,电讯,above_average,full_coverage_dimensional_v0.4
00547,DIGITAL DOMAIN,总分-70.14,护城河-67.55,技术壁垒-79.28,市场地位-67.97,商业质量-57.83,经营质量-46.64,行业前景-78.00,治理风险-72.36,媒体及娱乐,above_average,full_coverage_dimensional_v0.4
06033,TELECOM DIGIT,总分-70.14,护城河-72.59,技术壁垒-71.97,市场地位-67.75,商业质量-59.95,经营质量-52.23,行业前景-78.00,治理风险-70.05,资讯科技器材,above_average,full_coverage_dimensional_v0.4
06636,EXTREME VISION,总分-70.14,护城河-72.00,技术壁垒-79.99,市场地位-55.04,商业质量-62.00,经营质量-50.00,行业前景-78.00,治理风险-70.00,软件服务,above_average,full_coverage_dimensional_v0.4
08018,FINSOFT FIN,总分-70.13,护城河-73.32,技术壁垒-79.48,市场地位-57.48,商业质量-54.96,经营质量-47.49,行业前景-78.00,治理风险-71.91,软件服务,above_average,full_coverage_dimensional_v0.4
02405,POWERWIN TECH,总分-70.12,护城河-74.07,技术壁垒-79.21,市场地位-57.69,商业质量-51.56,经营质量-50.48,行业前景-78.00,治理风险-70.40,媒体及娱乐,above_average,full_coverage_dimensional_v0.4
03360,FE HORIZON,总分-70.08,护城河-87.88,技术壁垒-54.80,市场地位-89.49,商业质量-61.18,经营质量-53.17,行业前景-54.00,治理风险-69.14,其他金融,above_average,full_coverage_dimensional_v0.4
08006,SINO SPLENDID,总分-70.07,护城河-70.24,技术壁垒-79.14,市场地位-59.93,商业质量-63.32,经营质量-45.24,行业前景-78.00,治理风险-71.94,媒体及娱乐,above_average,full_coverage_dimensional_v0.4
09868,XPENG-W,总分-70.07,护城河-72.87,技术壁垒-76.32,市场地位-72.81,商业质量-55.84,经营质量-52.85,行业前景-66.00,治理风险-71.23,汽车,above_average,full_coverage_dimensional_v0.4
03660,QFIN-S,总分-70.06,护城河-87.63,技术壁垒-55.00,市场地位-89.25,商业质量-63.12,经营质量-52.86,行业前景-54.00,治理风险-67.41,其他金融,above_average,full_coverage_dimensional_v0.4
01059,KANTONE HOLDING,总分-70.05,护城河-66.92,技术壁垒-80.33,市场地位-61.21,商业质量-65.34,经营质量-52.74,行业前景-78.00,治理风险-69.19,软件服务,above_average,full_coverage_dimensional_v0.4
03839,CT ENTERPRISE,总分-70.05,护城河-72.17,技术壁垒-76.07,市场地位-70.29,商业质量-60.03,经营质量-49.69,行业前景-70.00,治理风险-69.42,药品及生物科技,above_average,full_coverage_dimensional_v0.4
08606,KINETIX SYSTEMS,总分-70.05,护城河-64.51,技术壁垒-80.12,市场地位-65.42,商业质量-67.01,经营质量-52.46,行业前景-78.00,治理风险-69.47,软件服务,above_average,full_coverage_dimensional_v0.4
01288,ABC,总分-70.04,护城河-87.46,技术壁垒-52.19,市场地位-88.34,商业质量-69.10,经营质量-53.80,行业前景-54.00,治理风险-72.33,银行,above_average,full_coverage_dimensional_v0.4
08225,C HEALTH GP,总分-70.03,护城河-72.46,技术壁垒-83.93,市场地位-58.39,商业质量-56.00,经营质量-47.44,行业前景-70.00,治理风险-71.59,药品及生物科技,above_average,full_coverage_dimensional_v0.4
01359,CHINA CINDA,总分-70.02,护城河-88.00,技术壁垒-53.55,市场地位-89.62,商业质量-61.66,经营质量-54.39,行业前景-54.00,治理风险-70.38,其他金融,above_average,full_coverage_dimensional_v0.4
08329,NEP INTERLONG,总分-70.00,护城河-65.96,技术壁垒-83.83,市场地位-70.21,商业质量-57.69,经营质量-49.15,行业前景-70.00,治理风险-70.30,药品及生物科技,above_average,full_coverage_dimensional_v0.4
